be, 27081
have, 6131
play, 5697
do, 4915
can, 4330
love, 3992
get, 3446
make, 2398
would, 2063
will, 1728
like, 1322
buy, 1310
've, 1296
work, 1240
go, 1150
fix, 1121
want, 1067
give, 1037
need, 1016
use, 1014
try, 1004
keep, 985
could, 934
pay, 924
add, 892
say, 869
think, 835
see, 786
enjoy, 739
take, 681
recommend, 660
save, 653
start, 652
wish, 649
come, 639
look, 609
crash, 598
know, 578
feel, 573
find, 535
should, 531
load, 509
wait, 500
download, 494
hope, 493
lose, 490
update, 468
run, 424
seem, 413
spend, 411
let, 403
'll, 394
change, 389
put, 388
open, 329
thank, 325
beat, 308
m, 302
stop, 301
move, 290
happen, 289
help, 272
finish, 260
win, 259
show, 238
challenge, 234
stick, 234
delete, 233
tell, 230
purchase, 225
s, 211
expect, 209
complete, 206
leave, 202
become, 199
bring, 189
pass, 187
read, 183
turn, 181
create, 180
kill, 180
addict, 179
build, 178
break, 177
freeze, 176
suck, 175
choose, 173
hate, 172
pick, 172
select, 171
rate, 170
allow, 161
sync, 161
miss, 159
mean, 159
understand, 159
got, 157
ask, 155
support, 151
continue, 145
learn, 143
end, 140
base, 140
control, 138
close, 137
waste, 137
die, 136
unlock, 136
must, 135
click, 135
install, 133
ve, 133
restart, 132
refund, 131
release, 125
might, 125
relax, 124
going, 121
improve, 121
fail, 117
hit, 116
may, 116
require, 116
watch, 115
connect, 114
cause, 111
cost, 105
send, 105
lag, 103
reinstall, 103
compare, 102
progress, 102
figure, 101
tap, 100
stay, 98
include, 97
check, 95
kick, 94
decide, 94
engage, 94
remember, 93
manage, 93
gets, 92
upgrade, 92
join, 88
own, 88
fall, 86
hear, 86
set, 86
force, 85
design, 85
deserve, 84
instal, 84
ruin, 83
guess, 82
remove, 82
care, 82
log, 80
you, 80
write, 79
talk, 79
consider, 77
switch, 77
press, 77
bore, 76
hold, 75
experience, 75
regret, 75
appreciate, 74
remind, 74
getting, 72
lock, 72
reset, 71
solve, 71
drop, 68
suggest, 67
respond, 66
call, 65
notice, 65
believe, 65
access, 62
replay, 62
fight, 61
launch, 61
develop, 61
stretch, 61
throw, 60
pop, 60
appear, 60
sell, 60
port, 60
sign, 59
grow, 58
optimize, 58
uninstalle, 58
disappoint, 58
offer, 58
fun, 57
mention, 57
master, 57
re, 57
suppose, 57
ğŸ˜, 56
reach, 56
sit, 56
bother, 56
grind, 56
complain, 55
enter, 54
uninstall, 54
follow, 54
zoom, 53
forget, 53
hook, 53
quit, 52
exit, 51
earn, 51
touch, 51
live, 50
listen, 50
skip, 50
clear, 49
explore, 48
contact, 48
exist, 48
begin, 47
charge, 47
glitche, 46
disappear, 46
provide, 46
increase, 46
grab, 46
ğŸ˜¡, 45
walk, 45
lol, 45
explain, 45
encounter, 44
lack, 44
fit, 44
mess, 43
edit, 43
face, 43
realize, 43
adjust, 43
bug, 42
offline, 42
wonder, 42
plan, 42
lead, 42
ğŸ‘, 41
resolve, 41
android, 41
meet, 41
level, 41
refuse, 41
return, 40
collect, 40
calm, 39
to, 39
block, 39
push, 39
note, 39
stand, 39
wanna, 38
request, 38
generate, 38
avoid, 38
sound, 37
search, 37
mind, 37
test, 37
blow, 36
receive, 36
expand, 36
abandon, 36
last, 36
catch, 36
not, 35
fill, 35
pace, 35
invest, 35
entertain, 35
rage, 35
craft, 34
sort, 34
hide, 34
describe, 33
ignore, 33
hang, 33
slow, 33
survive, 32
cry, 32
trust, 32
-, 32
jump, 32
draw, 32
wipe, 32
handle, 31
place, 31
pull, 31
reccomend, 30
introduce, 30
limit, 30
been, 30
prefer, 30
u, 29
involve, 29
lie, 28
hand, 28
sleep, 28
transfer, 28
pause, 28
deal, 28
deliver, 28
focus, 28
cut, 27
matter, 27
scroll, 27
advertise, 27
destroy, 26
freak, 26
shut, 26
satisfy, 26
adore, 26
balance, 26
defeat, 25
agree, 25
disable, 25
link, 25
frustrate, 25
drive, 25
boot, 25
review, 25
attack, 25
hurt, 25
starve, 25
slay, 25
ğŸ˜€, 24
struggle, 24
discover, 24
register, 24
count, 24
enable, 24
resume, 24
act, 23
â¤, 23
interact, 23
prevent, 23
execute, 23
intend, 23
share, 23
sink, 23
screw, 23
climb, 23
report, 23
navigate, 23
customize, 23
drag, 23
fly, 22
tend, 22
imagine, 22
match, 22
implement, 22
repeat, 22
train, 22
erase, 22
adapt, 22
farm, 22
recognize, 22
assume, 22
please, 21
login, 21
speed, 21
reduce, 21
attempt, 21
restore, 21
display, 21
speak, 21
lower, 21
carry, 21
soothe, 21
attach, 21
having, 21
worry, 21
email, 20
rotate, 20
calibrate, 20
remain, 20
render, 20
warn, 20
advance, 20
steal, 20
deselect, 20
cant, 19
affect, 19
occur, 19
game, 19
knock, 19
recomend, 19
eat, 19
combine, 19
feed, 19
gain, 19
translate, 19
disconnect, 19
detect, 19
rip, 18
burn, 18
teach, 18
suffer, 18
proceed, 18
consume, 18
name, 18
function, 18
nt, 18
answer, 18
shoot, 18
scan, 18
confuse, 17
glitch, 17
raise, 17
cover, 17
rush, 17
devs, 17
inspire, 17
piss, 17
mix, 17
idk, 16
redo, 16
infuriate, 16
contain, 16
depend, 16
reload, 16
oppose, 16
list, 16
view, 16
loose, 16
chill, 16
upload, 16
scavenge, 16
emulate, 16
captivate, 16
summon, 16
cool, 15
spawn, 15
beg, 15
bend, 15
state, 15
reply, 15
price, 15
redownloade, 15
claim, 15
reward, 15
browse, 15
drain, 15
feature, 15
ğŸ˜ª, 15
cloud, 15
redownload, 15
awsome, 14
reopen, 14
rid, 14
rely, 14
cancel, 14
relate, 14
back, 14
immerse, 14
marry, 14
scratch, 14
stress, 14
defend, 14
maxe, 14
irritate, 14
flip, 14
ironhide, 14
annoy, 13
present, 13
post, 13
point, 13
afford, 13
nail, 13
cheat, 13
delay, 13
scale, 13
address, 13
map, 13
cross, 13
recover, 13
realise, 13
promise, 12
surprise, 12
patch, 12
spoil, 12
achieve, 12
beware, 12
prove, 12
prepare, 12
galaxy, 12
hire, 12
engross, 12
lay, 12
fast, 12
cute, 12
pc, 12
thumb, 12
battle, 12
ai, 12
grant, 12
ramp, 12
regard, 12
swap, 12
aim, 12
compete, 12
swipe, 12
ride, 11
copy, 11
accept, 11
travel, 11
encourage, 11
spin, 11
score, 11
dissapointe, 11
revert, 11
fish, 11
worth, 11
gather, 11
neglect, 11
guarantee, 11
pack, 11
perform, 11
fool, 11
capture, 11
produce, 11
light, 11
ğŸ‘¿, 11
rejoin, 10
verry, 10
free, 10
kid, 10
forgot, 10
corrupt, 10
type, 10
practice, 10
confirm, 10
demand, 10
result, 10
deduct, 10
bump, 10
suit, 10
obsess, 10
cast, 10
animate, 10
laugh, 10
flash, 10
extend, 10
distract, 10
reflect, 10
hinder, 10
ğŸ˜, 9
pirate, 9
dump, 9
maintain, 9
downgrade, 9
value, 9
advise, 9
admit, 9
approve, 9
crush, 9
react, 9
ll, 9
locate, 9
communicate, 9
doubt, 9
trigger, 9
impress, 9
chat, 9
obtain, 9
desire, 9
succeed, 9
grip, 9
r, 8
wake, 8
effect, 8
replace, 8
activate, 8
input, 8
dude, 8
time, 8
represent, 8
revisit, 8
optimise, 8
stutter, 8
minimize, 8
convert, 8
overlap, 8
ğŸ’¯, 8
ğŸ¥°, 8
dislike, 8
dig, 8
trick, 8
guide, 8
integrate, 8
scream, 8
occupy, 8
evolve, 8
conquer, 8
relive, 8
tweak, 8
strike, 8
sooo, 8
rank, 8
target, 8
stare, 8
ğŸ˜˜, 8
code, 7
swear, 7
ur, 7
split, 7
notch, 7
account, 7
wear, 7
shall, 7
bc, 7
apply, 7
e, 7
legit, 7
tie, 7
simplify, 7
approach, 7
shock, 7
bless, 7
date, 7
ğŸ‘Œ, 7
exceed, 7
scamme, 7
gift, 7
somthe, 7
hop, 7
refresh, 7
pump, 7
stack, 7
convince, 7
ran, 7
pende, 7
separate, 7
heal, 7
mark, 7
fire, 7
don't, 7
storytelle, 7
host, 7
forgive, 7
grasp, 6
judge, 6
revive, 6
rig, 6
punish, 6
pair, 6
comment, 6
stat, 6
roll, 6
scout, 6
sack, 6
highlight, 6
initialise, 6
promote, 6
assign, 6
define, 6
concentrate, 6
iron, 6
ğŸ’•, 6
rebuy, 6
developer, 6
fulfil, 6
atleast, 6
range, 6
robtop, 6
reveal, 6
archer, 6
wrap, 6
star, 6
utilize, 6
sue, 6
trap, 6
issue, 6
resize, 6
damn, 6
tab, 6
glue, 6
interrupt, 6
flesh, 6
head, 6
mute, 6
wash, 6
record, 6
mislead, 6
retrieve, 6
server, 6
style, 6
perfect, 6
provoke, 6
crack, 6
blame, 6
await, 6
â–¶, 6
synch, 6
appeal, 6
equip, 6
question, 6
misplay, 6
synche, 6
ban, 5
hack, 5
smash, 5
invite, 5
decorate, 5
luv, 5
kiss, 5
lend, 5
complement, 5
color, 5
vanish, 5
persist, 5
lure, 5
spamme, 5
crowd, 5
decrease, 5
submit, 5
tone, 5
enhance, 5
crave, 5
bake, 5
haha, 5
bind, 5
plays, 5
bear, 5
prompt, 5
step, 5
deadlocke, 5
autosave, 5
whine, 5
induce, 5
exaggerate, 5
command, 5
indicate, 5
seek, 5
top, 5
impact, 5
damage, 5
concern, 5
toggle, 5
stream, 5
pre, 5
trade, 5
process, 5
hat, 5
bet, 5
smooth, 5
snap, 5
binge, 5
expensive, 5
spam, 5
treat, 5
ğŸ˜ˆ, 5
tune, 5
outdo, 5
compel, 5
puzzle, 5
slide, 5
dare, 5
tear, 5
overlook, 5
plug, 5
bluetooth, 5
stabilize, 5
respect, 5
intrigue, 5
goin, 5
wind, 5
contribute, 5
subscribe, 5
maximize, 5
track, 5
dartle, 5
unfold, 5
swing, 5
shape, 4
tax, 4
sm, 4
rename, 4
import, 4
feels, 4
bit, 4
reconnect, 4
hone, 4
bombard, 4
fade, 4
absorb, 4
revamp, 4
refine, 4
concede, 4
ply, 4
thought, 4
rise, 4
behave, 4
cope, 4
paste, 4
enjoyed, 4
gd, 4
warrant, 4
distort, 4
dominate, 4
reboot, 4
gutte, 4
discontinue, 4
serve, 4
bomb, 4
factory, 4
mine, 4
race, 4
amaze, 4
cook, 4
played, 4
attract, 4
bait, 4
micromanage, 4
phase, 4
resort, 4
verify, 4
ok, 4
hurry, 4
merge, 4
ğŸ˜—, 4
poop, 4
spot, 4
sadden, 4
dont, 4
boost, 4
incorporate, 4
unselect, 4
customise, 4
vike, 4
express, 4
', 4
position, 4
construct, 4
streamline, 4
disapointe, 4
deploy, 4
distinguish, 4
specify, 4
debit, 4
extract, 4
ilove, 4
black, 4
arrange, 4
tablet, 4
repurchase, 4
emulator, 4
sense, 4
dumbe, 4
notify, 4
identify, 4
clean, 4
hunt, 4
lode, 4
hype, 4
accompany, 4
awaken, 4
acquire, 4
accord, 4
pray, 4
orient, 4
restrict, 4
vary, 4
message, 4
influence, 4
buff, 4
overcrowd, 4
pickup, 4
aggravate, 4
ease, 4
stall, 4
center, 4
rectify, 4
can't, 4
strive, 4
benefit, 4
deselecte, 4
heat, 4
rescue, 4
smile, 4
manipulate, 4
wander, 4
plz, 4
co, 4
insult, 4
console, 4
greet, 4
ğŸ˜„, 4
duplicate, 4
up, 4
slap, 4
tbh, 4
swarm, 4
acknowledge, 4
group, 4
direct, 4
detract, 4
research, 4
reconnecte, 4
rock, 4
rework, 4
recognise, 4
unforgive, 4
steam, 4
sin, 4
dress, 4
uncover, 4
dlc, 4
sooooo, 3
beacuse, 3
disagree, 3
fps, 3
deny, 3
expire, 3
gone, 3
tinker, 3
HAVE, 3
bild, 3
blend, 3
warm, 3
power, 3
shield, 3
cave, 3
omit, 3
fricke, 3
visualize, 3
tape, 3
amazing, 3
btw, 3
ğŸ¶, 3
saw, 3
polish, 3
initialize, 3
rule, 3
strain, 3
alter, 3
injure, 3
mask, 3
minimise, 3
opt, 3
ğŸ™„, 3
chase, 3
came, 3
fault, 3
stuck, 3
haunt, 3
harvest, 3
recieve, 3
visit, 3
befriend, 3
shout, 3
's, 3
revise, 3
reconsider, 3
ect, 3
escape, 3
gate, 3
announce, 3
better, 3
explode, 3
recreate, 3
chop, 3
hamper, 3
modde, 3
mod, 3
(:, 3
glow, 3
offset, 3
i'm, 3
publish, 3
float, 3
na, 3
dash, 3
goate, 3
scare, 3
dissapeare, 3
uhh, 3
file, 3
shake, 3
easy, 3
invade, 3
shell, 3
ğŸ¤·, 3
infinite, 3
enthral, 3
buzz, 3
justify, 3
portrait, 3
campaign, 3
havnt, 3
program, 3
scope, 3
EDIT, 3
riddle, 3
grey, 3
insert, 3
stumble, 3
store, 3
filter, 3
commit, 3
suspect, 3
crank, 3
melt, 3
frame, 3
screen, 3
rearrange, 3
unwind, 3
numb, 3
cramp, 3
infest, 3
ppl, 3
neat, 3
raid, 3
unstalle, 3
settle, 3
imply, 3
form, 3
total, 3
d, 3
down, 3
retard, 3
motivate, 3
max, 3
employ, 3
pvp, 3
sexualize, 3
deceive, 3
rob, 3
portray, 3
shine, 3
escalate, 3
soooo, 3
recycle, 3
despise, 3
excell, 3
donate, 3
thrill, 3
behold, 3
und, 3
lmao, 3
sacrifice, 3
rebuild, 3
dream, 3
conceive, 3
sequel, 3
dedicate, 3
reckon, 3
resist, 3
DOWNLOAD, 3
gamebreake, 3
Ğ¸Ğ³Ñ€Ğ°, 3
pan, 3
hesitate, 3
mobile, 3
rewatch, 3
joystick, 3
challange, 3
fear, 3
amase, 3
overprice, 3
stump, 3
worship, 3
crawl, 3
carnt, 3
stucke, 3
pixelate, 3
git, 3
flicker, 3
complicate, 3
retry, 3
nerfe, 3
paywalle, 3
arrive, 3
root, 3
chose, 3
overcome, 3
dock, 3
rt, 3
wpuld, 3
squish, 3
lame, 3
happende, 3
order, 3
ğŸ–¤, 3
swinge, 3
bad, 3
storage, 3
deckbuilde, 3
misclicke, 3
que, 3
preview, 3
unpick, 3
overwrite, 3
cheese, 3
startup, 3
ğŸ¤©, 3
scramble, 3
branch, 3
ğŸ», 3
dissapoint, 3
eye, 3
bum, 3
smear, 3
participate, 3
recruit, 3
plague, 3
mock, 3
authenticate, 3
strand, 3
aid, 3
demo, 3
stoke, 3
invert, 3
â˜†, 3
dread, 3
Ğ²Ñ€ĞµĞ¼Ñ, 3
boil, 3
shadow, 2
team, 2
sneak, 2
tackle, 2
RELEASE, 2
minecraft, 2
DELETE, 2
plsy, 2
begg, 2
ad, 2
wold, 2
troubleshoot, 2
ğŸ˜ƒ, 2
exept, 2
ğŸ‡, 2
loveee, 2
yell, 2
equal, 2
soo, 2
try'd, 2
thing, 2
did, 2
ita, 2
wire, 2
risk, 2
xbox, 2
export, 2
song, 2
dive, 2
conclude, 2
correct, 2
blindfold, 2
eso, 2
rewrite, 2
rhythm, 2
tailor, 2
ë§ì´, 2
line, 2
eyeball, 2
reject, 2
detail, 2
embarrass, 2
Ğ¿Ğ¾Ğ½ÑÑ‚Ğ½Ğ¾, 2
handheld, 2
bu, 2
initiate, 2
fancy, 2
ğŸ˜«, 2
disallow, 2
instruct, 2
owe, 2
dim, 2
won, 2
becomes, 2
splash, 2
con, 2
establish, 2
bite, 2
spell, 2
version, 2
had, 2
boght, 2
plant, 2
attend, 2
controll, 2
oversell, 2
amze, 2
google, 2
speedrunne, 2
gove, 2
swallow, 2
scam, 2
event, 2
auto, 2
anticipate, 2
slice, 2
thirst, 2
pixel, 2
maneuver, 2
amize, 2
gor, 2
inherit, 2
board, 2
water, 2
observe, 2
nullify, 2
cure, 2
â€™, 2
rest, 2
widen, 2
urge, 2
invent, 2
noob, 2
loooove, 2
donno, 2
ğŸ¤”, 2
hurl, 2
lite, 2
pretend, 2
adicte, 2
FINALLY, 2
âœ§, 2
certify, 2
sharpen, 2
pero, 2
gameplay, 2
micro, 2
ensure, 2
indie, 2
frusterate, 2
boom, 2
sum, 2
really, 2
work-, 2
collab, 2
fine, 2
island, 2
dispite, 2
guy, 2
spike, 2
loop, 2
overrun, 2
land, 2
amount, 2
spread, 2
overheat, 2
us, 2
squeeze, 2
setup, 2
comply, 2
malfunction, 2
spice, 2
dose, 2
exclude, 2
rom, 2
savestate, 2
source, 2
unsure, 2
autodetect, 2
/storage, 2
friend, 2
worthe, 2
shrink, 2
pokemon, 2
pain, 2
ante, 2
dunno, 2
secure, 2
debate, 2
organize, 2
theme, 2
disrupt, 2
f'e, 2
recapture, 2
itch, 2
mindless, 2
prolong, 2
mesmerize, 2
operate, 2
border, 2
fare, 2
modernize, 2
bogge, 2
rough, 2
hace, 2
classify, 2
WASTE, 2
reminisce, 2
punch, 2
hiccup, 2
reccomende, 2
whale, 2
ay, 2
clone, 2
service, 2
hint, 2
rally, 2
redesign, 2
guve, 2
eare, 2
still, 2
dupe, 2
spiral, 2
waifu, 2
rain, 2
tolerate, 2
pale, 2
shote, 2
script, 2
yuh, 2
insist, 2
dena, 2
grate, 2
-some, 2
bypass, 2
wow, 2
fell, 2
iove, 2
lunch, 2
dope, 2
reclaim, 2
retain, 2
antagonize, 2
nice, 2
collapse, 2
organise, 2
study, 2
emerge, 2
stimulate, 2
evoke, 2
lean, 2
ğŸ¾, 2
jam, 2
illustrate, 2
everplaye, 2
dev, 2
grace, 2
transport, 2
frustate, 2
migrate, 2
replicate, 2
knee, 2
permadeath, 2
glitchy, 2
abort, 2
cease, 2
mutter, 2
bust, 2
outdate, 2
ew, 2
clip, 2
trash, 2
misinterpret, 2
compromise, 2
award, 2
accomplish, 2
abit, 2
setting, 2
chalk, 2
overrate, 2
twist, 2
fold, 2
baffle, 2
funk, 2
ge, 2
mesmerise, 2
thumbs, 2
betray, 2
compliment, 2
short, 2
enchant, 2
congratulate, 2
misclick, 2
mail, 2
harass, 2
becuase, 2
nerf, 2
halve, 2
slaughter, 2
joke, 2
amaize, 2
convey, 2
discard, 2
astonish, 2
shot, 2
rember, 2
â­, 2
mundo, 2
ğŸ», 2
baught, 2
mode, 2
COOL, 2
creadore, 2
a1, 2
ğŸ˜Š, 2
belive, 2
friggin, 2
strategize, 2
monetize, 2
ez, 2
glare, 2
inflate, 2
pester, 2
experiment, 2
todo, 2
ahah, 2
cheer, 2
flood, 2
smoke, 2
annihilate, 2
defecate, 2
apreciate, 2
money, 2
weave, 2
modify, 2
bail, 2
glorify, 2
actualizaciÃ³n, 2
colour, 2
combo, 2
ğŸ¡, 2
ğŸ˜, 2
task, 2
ğŸ—‘, 2
t, 2
sÃ³, 2
rede, 2
intalle, 2
injoy, 2
prep, 2
dint, 2
chould, 2
panic, 2
drink, 2
jumpscare, 2
text, 2
picture, 2
rethink, 2
round, 2
roguelite, 2
steer, 2
f**ke, 2
credit, 2
nuke, 2
awesome, 2
discourage, 2
uninstale, 2
half, 2
dismiss, 2
soooooo, 2
muse, 2
tought, 2
differ, 2
blast, 2
sim, 2
blink, 2
prepay, 2
bcs, 2
spare, 2
font, 2
gear, 2
simulate, 2
ğŸ’–, 2
age, 2
assassin, 2
reassemble, 2
blaze, 2
clam, 2
fork, 2
vibe, 2
tempt, 2
great, 2
intertwine, 2
;_;, 2
near, 2
overcharte, 2
milk, 2
repair, 2
ğŸ˜©, 2
unistall, 2
decline, 2
persevere, 2
structure, 2
narrate, 2
discuss, 2
whould, 2
rivet, 2
consist, 2
rewind, 2
waffle, 2
iterate, 2
mutch, 2
LIKE, 2
cap, 2
wrestle, 2
phone, 2
LET, 2
waiste, 2
paint, 2
parkour, 2
best, 2
graduate, 2
sweat, 2
determine, 2
âœŒ, 2
slip, 2
reap, 2
presume, 2
clock, 2
murder, 2
facilitate, 2
bounce, 2
losse, 1
reainstall, 1
tame, 1
downloaded, 1
DAMMIT, 1
hive, 1
ğ˜ªğ˜´, 1
hlo, 1
deactivate, 1
happe, 1
uuu, 1
coin, 1
idicte, 1
spetch, 1
tirn, 1
reavaew, 1
injoe, 1
lovvvvvvvvvvvvve, 1
juga, 1
beli, 1
mincraft, 1
dissspeare, 1
cringe, 1
external, 1
was5, 1
bildt, 1
breed, 1
couse, 1
(;, 1
netherite, 1
sex, 1
emote, 1
chang, 1
cunjuste, 1
MAKE, 1
alive, 1
playstore, 1
homescreen, 1
ğŸ’œ, 1
ğŸŒ´, 1
alite, 1
ğŸ’“, 1
ğŸ§, 1
â€, 1
ğŸ’, 1
ğŸ§›, 1
said, 1
suk, 1
trid, 1
sadie, 1
stoq, 1
undownloade, 1
thix, 1
ghast, 1
ğŸ˜, 1
cratete, 1
fist, 1
drown, 1
cloce, 1
creative, 1
SORRY, 1
gliche, 1
recremend, 1
ğŸª, 1
ps, 1
splode, 1
hookup, 1
ğŸ’, 1
mojang, 1
ar, 1
emc, 1
fic, 1
kitne, 1
devise, 1
iwa, 1
bedrock, 1
opdate, 1
disten, 1
witch, 1
lovable, 1
ì¬ë¯¸ì¨ìš”í˜¸í˜¸, 1
dance, 1
offtime, 1
wa, 1
spook, 1
ace, 1
checkout, 1
sock, 1
bapbap~, 1
normalize, 1
reommend, 1
recallibrate, 1
hatr, 1
mach, 1
withdrwae, 1
blew, 1
soooooooo, 1
hum, 1
recalibrate, 1
boppin, 1
aces, 1
ë‹¤, 1
ì¶”ì²œí•˜ê³ ì‹¶ë„¤ìš”, 1
catchup, 1
juice, 1
ì´ê±°, 1
quirk, 1
curate, 1
disapponte, 1
orientate, 1
ë‹¬ê³ , 1
ë¦¬ë“¬ê³¼, 1
ì œì‹œë˜ëŠ”, 1
ì¹˜ëŠ”ê²Œ, 1
verse, 1
internalize, 1
impair, 1
flow, 1
allocate, 1
reinstate, 1
budge, 1
undo, 1
contrast, 1
favour, 1
gray, 1
assist, 1
renew, 1
negotiate, 1
field, 1
compere, 1
shortlist, 1
accumulate, 1
mimic, 1
finance, 1
realese, 1
sgd, 1
ĞºĞ¾Ğ½ĞµÑ‡Ğ½Ğ¾, 1
Ñ€ÑƒÑÑĞºĞ¸Ğ¹, 1
Ñ€ÑƒÑĞºĞ¾Ğ¾Ğ³Ğ¾, 1
oppo, 1
NORMAL, 1
bize, 1
tek, 1
eklenmiÅŸ, 1
Ã¶nemlisi, 1
decimate, 1
66yty, 1
bleed, 1
saturate, 1
gando, 1
where, 1
resart, 1
ayoze, 1
negate, 1
bundle, 1
hd, 1
strechte, 1
reslove, 1
demote, 1
enhace, 1
relogin, 1
relook, 1
relegate, 1
blurry, 1
pixilate, 1
untick, 1
streache, 1
detoriate, 1
overpay, 1
dong, 1
su*k, 1
excite, 1
quicksave, 1
linu, 1
siad, 1
lap, 1
pore, 1
goodbye, 1
UR, 1
im, 1
ğŸ’š, 1
tarde, 1
entreguÃ©, 1
lleva, 1
aparce, 1
artefacto, 1
left, 1
devastate, 1
dlete, 1
feal, 1
bargain, 1
csn, 1
fave, 1
looooooooooooooove, 1
aquire, 1
chirp, 1
ship, 1
skull, 1
redirect, 1
style.so, 1
one[ha, 1
NOTSOCONCERNEDAPE, 1
gtfoutta, 1
equipte, 1
easley, 1
fetch, 1
complane, 1
recoomend, 1
freaking, 1
dissappear, 1
fable, 1
favorite, 1
goof, 1
chiken, 1
festival, 1
cuddle, 1
shoulda, 1
veyr, 1
loves, 1
whare, 1
comeout, 1
dusty, 1
scythe, 1
emerse, 1
desapointe, 1
axe, 1
curse, 1
payd, 1
Come, 1
sour, 1
ps4, 1
chromebook, 1
ten, 1
daew, 1
ê·¸ëŸ°ë°, 1
pet, 1
dinosaur, 1
vallew, 1
raver, 1
forage, 1
frond, 1
â€™ll, 1
exhaust, 1
loveeee, 1
CHUCKLEFISH, 1
unfreeze, 1
quest, 1
wan, 1
ezirr, 1
PLEASE, 1
tooken, 1
poo, 1
lt, 1
paraphrase, 1
gay, 1
realsess, 1
unisnstall, 1
ment, 1
unlink, 1
geym, 1
rstcp, 1
DASH, 1
recommene, 1
beet, 1
wooow, 1
gaynite, 1
rubrub, 1
emaze, 1
disaplede, 1
bough, 1
vamu, 1
ğŸ˜¬, 1
into, 1
amsze, 1
concentrat, 1
customisibul, 1
crie, 1
clamour, 1
cloudsave, 1
donsent, 1
fudge, 1
COMPETE, 1
geometri, 1
ğŸ˜‰, 1
PLZZZZZZZZZZZZZZZZZZZZZZZZZZZ, 1
ĞºĞ¾Ğ³Ğ´Ğ°, 1
ğŸ˜, 1
fake, 1
Game!without, 1
boredom, 1
helps, 1
sharte, 1
frick, 1
due, 1
CHANGE, 1
practicamente, 1
poco, 1
divertirse, 1
YOOOOOO, 1
fav, 1
evean, 1
realease, 1
do!you, 1
beta, 1
transform, 1
w, 1
desorte, 1
puiku, 1
insomniac, 1
boe, 1
uneak, 1
andif, 1
prioritize, 1
knight, 1
coming, 1
outstack, 1
pitch, 1
wanne, 1
exclaim, 1
except, 1
spearman, 1
dampen, 1
doss, 1
fcuke, 1
adhere, 1
unveil, 1
touchscreen, 1
lov, 1
aburrido, 1
repetitivo, 1
existen, 1
lobe, 1
livr, 1
out, 1
whish, 1
regert, 1
plunge, 1
ia, 1
microe, 1
def, 1
leak, 1
cteate, 1
save(wa, 1
crossbow, 1
fatigue, 1
fictionalise, 1
fracas, 1
threat, 1
unhapsome, 1
whittle, 1
cuá»‘n, 1
succe, 1
exelente, 1
praise, 1
whip, 1
flee, 1
tread, 1
wokr, 1
flatout, 1
rev, 1
combat, 1
surround, 1
playde, 1
shmup, 1
knockedback, 1
tun, 1
reiterate, 1
coordinate, 1
exicite, 1
gitgud, 1
refill, 1
proof, 1
shortcut, 1
sdcard, 1
personalize, 1
fume, 1
dle, 1
â„¢, 1
zip, 1
upscale, 1
botch, 1
overlay, 1
jnb, 1
eh, 1
thread, 1
restate, 1
hehe, 1
excess, 1
s20, 1
nonfunctione, 1
gi, 1
suppprt, 1
melond, 1
prohibit, 1
frameskip, 1
onwne, 1
-poste, 1
trip, 1
-edite, 1
review-, 1
recongize, 1
wouuld, 1
unspe, 1
bank, 1
pro+, 1
d20, 1
olmak, 1
ekran, 1
traid, 1
circumvent, 1
infact, 1
align, 1
ï¸, 1
manual, 1
vet, 1
laod, 1
corrÃ­a, 1
apr, 1
interface, 1
ju, 1
mistralton, 1
default, 1
overrite, 1
rescan, 1
comme, 1
wondre, 1
bribe, 1
tookore, 1
whiz, 1
kind, 1
parse, 1
conserve, 1
interesante, 1
satiate, 1
tag, 1
eveb, 1
stray, 1
supress, 1
bruhhh, 1
incentivize, 1
replenish, 1
geel, 1
dungeoneere, 1
ishe, 1
lockdown, 1
afdicte, 1
railroad, 1
downloe, 1
give.it, 1
seam, 1
scar, 1
understannde, 1
dosen't, 1
ğ˜µğ˜©ğ˜¢ğ˜µ, 1
ğ—…ğ–¾ğ–ºğ—Œğ—, 1
ğ—…ğ–¾ğ—ğ—ğ—‚ğ—‡ğ—€, 1
ğ—†ğ–¾, 1
ğ–¾ğ—‡ğ—ƒğ—ˆğ—’, 1
sd, 1
ds, 1
desume, 1
fufil, 1
interupte, 1
uodate, 1
preloade, 1
plagiarise, 1
plagarize, 1
skin, 1
trowd, 1
respawne, 1
sck, 1
response, 1
shpuld, 1
misrepresent, 1
jippe, 1
tave, 1
mash, 1
horrify, 1
depict, 1
mf, 1
ğ•‹ğ•™ğ•–, 1
strip, 1
recovee, 1
clucthe, 1
format, 1
loading!!can, 1
outfit, 1
rebalance, 1
guarante, 1
pf, 1
prefect, 1
costinga, 1
shaft, 1
verythe, 1
magnify, 1
wate, 1
seperate, 1
item?(except, 1
character, 1
wadte, 1
sucker, 1
anime, 1
retcone, 1
scrub, 1
suppode, 1
gjb, 1
traumatize, 1
llove, 1
aalik, 1
goddamn, 1
ghost, 1
ptw, 1
discorte, 1
analyze, 1
finalize, 1
go~, 1
fakes, 1
canot, 1
ì¢‹ìŒ, 1
í™•ë¥ ë„, 1
ë ˆë²¨ì œí•œê³¼, 1
ê²©ì°¨ë¥¼, 1
ì˜ˆì „ë¶€í„°, 1
ì•ˆì“°ëŸ¬ì›€, 1
chronicle, 1
plaie, 1
looove, 1
self, 1
exchange, 1
cam, 1
clothe, 1
dish, 1
â€¢_â€¢, 1
straighten, 1
shove, 1
resemble, 1
bag, 1
slam, 1
zelda, 1
cake, 1
layout, 1
offlne, 1
dart, 1
kinda, 1
shabby, 1
spooky, 1
clarify, 1
ya, 1
ssr, 1
PROPERLY, 1
pay-, 1
didn't, 1
found, 1
hinderd, 1
frow, 1
chÆ¡i, 1
tank, 1
pirchase, 1
shift, 1
lpve, 1
gets1,000,000/10, 1
reference, 1
-great, 1
-Doesn't, 1
dishearten, 1
package, 1
ğŸ¤ , 1
jumble, 1
gg, 1
catha, 1
aight, 1
flame, 1
incinerate, 1
supply, 1
epic, 1
trivialize, 1
Ñ…Ğ¾Ñ€Ğ¾ÑˆĞ°, 1
wellplay, 1
raccomand, 1
tower, 1
fortify, 1
preppe, 1
inteste, 1
lounge, 1
insid, 1
toujour, 1
protect, 1
Once/, 1
dang, 1
chrashe, 1
ish, 1
bakwa, 1
contradict, 1
muddy, 1
monopolise, 1
label, 1
waitbfor, 1
sÃ©, 1
criticize, 1
innovate, 1
differentiate, 1
Ñ…Ğ¾Ñ€Ğ¾ÑˆĞµĞ¼Ñƒ, 1
Ğ¿Ğ¾Ğ´, 1
Ğ±Ñ‹Ñ‚ÑŒ, 1
Ñ‚Ğ°ĞºĞ¾Ğ³Ğ¾, 1
bourt, 1
darle, 1
lil, 1
aht, 1
bridge, 1
manuever, 1
favor, 1
|||, 1
etti, 1
word, 1
destress, 1
rarer, 1
dmstay, 1
tick, 1
gerechtfertigten, 1
einmalige, 1
addictive, 1
geek, 1
drone, 1
tram, 1
dosent, 1
implente, 1
outline, 1
reroute, 1
difficulty, 1
cloak, 1
waaaay, 1
headache, 1
screenshotte, 1
jerk, 1
dese, 1
criticise, 1
ÑĞ²Ğ¾Ğµ, 1
addictave, 1
reavile, 1
detach, 1
shy, 1
masterclass, 1
contemplate, 1
apki, 1
recharge, 1
clusterf@%ks, 1
pÅ™ehlednÃ¡, 1
over, 1
sideloade, 1
daydream, 1
restructure, 1
ade, 1
devour, 1
geld, 1
plat, 1
error, 1
betten, 1
sponsor, 1
ea, 1
soldier, 1
overwatch, 1
hove, 1
pour, 1
evaporate, 1
xcom, 1
xcomme, 1
fap, 1
soemthe, 1
designate, 1
godbless, 1
pinch, 1
fledge, 1
turnbase, 1
comimg, 1
r.2012, 1
konkurenciu, 1
ios, 1
nehladte, 1
cenu, 1
stiahne, 1
peknÃ¡, 1
titulu, 1
okrem, 1
aj, 1
avid, 1
transition, 1
further, 1
hot, 1
delight, 1
unstucke, 1
xcom2, 1
abbandon, 1
bar, 1
hav3, 1
everyte, 1
purchased-, 1
fabricate, 1
advice:-, 1
dwell, 1
shorten, 1
psa, 1
halt, 1
attest, 1
examine, 1
content, 1
deviate, 1
frg, 1
tireing, 1
rail, 1
ÑĞ¾Ñ…Ñ€Ğ°Ğ½ĞµĞ½Ğ¸Ñ, 1
verge, 1
reinforce, 1
reproduce, 1
lick, 1
â€™m, 1
long, 1
aite, 1
disengage, 1
puinshe, 1
glance, 1
outweigh, 1
targette, 1
jack, 1
ket, 1
surprize, 1
rehash, 1
putt, 1
extraction, 1
eliminate, 1
repund, 1
hunker, 1
imitate, 1
relearn, 1
connente, 1
2d, 1
angle, 1
fallow, 1
fullfille, 1
breeze, 1
recamend, 1
chage, 1
fascinate, 1
prefere, 1
da, 1
exhilarate, 1
io, 1
gush, 1
cbc, 1
conceptualize, 1
validate, 1
congratulation, 1
overstay, 1
sus, 1
ğŸ¥º, 1
mystify, 1
spensave, 1
part, 1
endear, 1
theank, 1
lurk, 1
beautiful, 1
sniff, 1
amplify, 1
spotify, 1
disapoint, 1
à¤¸à¤¾à¤§à¥à¤µà¤¾à¤¦, 1
edition, 1
witg, 1
print, 1
and, 1
aspire, 1
devolpe, 1
savour, 1
groan, 1
complaint, 1
movie, 1
dix, 1
uncompromise, 1
norseland, 1
ceane, 1
kingdom, 1
squash, 1
stone, 1
qualify, 1
detonate, 1
respawn, 1
c, 1
v, 1
Ğ½ĞµĞ»ÑŒĞ·Ñ, 1
Ğ¸Ğ³Ñ€Ğ°Ñ‚ÑŒ, 1
op, 1
stink, 1
WON'T, 1
PLESSE, 1
applaud, 1
mire, 1
teleport, 1
oisse, 1
male, 1
randomly, 1
gaat, 1
een, 1
mobs, 1
ciuld, 1
awakend, 1
laptop, 1
amputate, 1
sentence, 1
plae, 1
were, 1
cream, 1
bumbe, 1
downside, 1
plage, 1
jogo, 1
ice, 1
mill, 1
=, 1
bobo, 1
eature, 1
ğŸ¤§, 1
dieeeeeeee, 1
misname, 1
ingame, 1
multiplay, 1
valeu, 1
botÃµes, 1
tinha, 1
fixxe, 1
preffer, 1
rizzle, 1
contane, 1
hallow, 1
grande, 1
oque, 1
alÃ©m, 1
pouco, 1
loss, 1
whant, 1
keyboard, 1
greaty, 1
berry, 1
discord, 1
monster, 1
hust, 1
derrote, 1
eath, 1
dodge, 1
ACTUALIZACIÃ“N, 1
el, 1
terraria, 1
rebind, 1
gam, 1
etc100/100, 1
gooooooooooooood, 1
hase, 1
overbear, 1
differnt, 1
remodel, 1
loot, 1
rat, 1
mob, 1
fumble, 1
of, 1
implore, 1
randomise, 1
vibrate, 1
app, 1
ze, 1
gar, 1
leach, 1
aÃ§mak, 1
sorry, 1
gambreake, 1
isnalmost, 1
Pay, 1
cash, 1
analyse, 1
side, 1
standard, 1
hound, 1
dissappointe, 1
unequip, 1
purchasable, 1
title, 1
specialize, 1
hurray, 1
men, 1
outclass, 1
harsh, 1
kerp, 1
trial, 1
microtransaction, 1
welp, 1
felt, 1
shelve, 1
littel, 1
grub, 1
income, 1
requeate, 1
villain, 1
synergize, 1
imbalance, 1
imo, 1
â€‹â€‹playe, 1
kevel, 1
frusttstinh, 1
besten, 1
dispalye, 1
rushes, 1
meed, 1
nitpick, 1
unique, 1
sz, 1
superstar, 1
nivele, 1
consigue, 1
lucke, 1
pixelize, 1
wall, 1
critique, 1
reselect, 1
takes, 1
gamew, 1
shop, 1
stole, 1
loggout, 1
rocketgirl, 1
starcraft, 1
necessary-, 1
defender, 1
skirmish, 1
empty, 1
fund, 1
inloy, 1
hav, 1
relocate, 1
overwhelm, 1
âœ…, 1
Worth, 1
pricey, 1
instantkill, 1
permeate, 1
rant, 1
relaunch, 1
fo, 1
ğŸ––, 1
didnot, 1
dialogue, 1
cnc, 1
zombie, 1
babysitte, 1
composition, 1
ironside, 1
playd, 1
-need, 1
parody, 1
movemyour, 1
accuse, 1
spew, 1
hasr, 1
woundere, 1
planted, 1
meteorite, 1
regroup, 1
sare, 1
rpg, 1
donot, 1
good, 1
lessen, 1
à¤¡à¥‰à¤¨, 1
actualizar, 1
discribe, 1
outstende, 1
awake, 1
dikt, 1
arise, 1
connectine, 1
bcz, 1
ğŸ¤˜, 1
pleasss, 1
graphics.but, 1
aqeel, 1
abad, 1
downlode, 1
ubdate, 1
â°, 1
maintance, 1
@fansipanlimite, 1
centaur, 1
supper, 1
proove, 1
geete, 1
fuel, 1
jab, 1
toh, 1
oooop, 1
game5, 1
wala, 1
hacker, 1
hubjd, 1
loos, 1
ninjas, 1
compensate, 1
eff, 1
arpeet, 1
tatti, 1
ma, 1
recordÃ³, 1
zaid, 1
ğŸš’, 1
naman, 1
ĞºÑ‚Ğ¾, 1
hulusanate, 1
reautomitice, 1
szerintem, 1
band, 1
wotke, 1
domt, 1
reintroduce, 1
intreste, 1
stock, 1
atomize, 1
ball, 1
nee, 1
entertae, 1
likd, 1
pronounce, 1
challnge, 1
garage, 1
jane, 1
intresting, 1
shelter, 1
reallt, 1
ik, 1
glich, 1
relize, 1
chalange, 1
gwt, 1
donwload, 1
refunded, 1
COVId, 1
striaght, 1
oppende, 1
somte, 1
sponsere, 1
sup, 1
uninstall., 1
ground, 1
loooovvvvveeee, 1
unreregister, 1
unregister, 1
+, 1
-object, 1
hesaw, 1
colecte, 1
are.doe, 1
butt, 1
reform, 1
chalinge, 1
omplete, 1
second, 1
dowbloade, 1
goes, 1
cloy, 1
HORRIBLE, 1
dat, 1
overall, 1
suffice, 1
looooove, 1
ase, 1
luna, 1
instaid, 1
taste, 1
SOOOOO, 1
bro, 1
dident, 1
disapere, 1
reatomize, 1
recemend, 1
mutate, 1
sall, 1
ğŸ‘‘, 1
grounde, 1
interruption, 1
embark, 1
ooze, 1
bash, 1
transcend, 1
yasss, 1
deel, 1
joncrome, 1
foe, 1
expext, 1
unadapte, 1
gel, 1
immolate, 1
Ø§Ù†Ù‡Ø§, 1
triple, 1
uninstal, 1
divorce, 1
interfer, 1
mis, 1
reselct, 1
bothersome, 1
smack, 1
relog, 1
freakin, 1
accentuate, 1
mecÃ¡nica, 1
unaddresse, 1
defect, 1
hover, 1
hamfiste, 1
comeback, 1
aknowldegemnt, 1
times, 1
hondre, 1
model, 1
constrain, 1
displace, 1
worse, 1
finushe, 1
chooose, 1
enlarge, 1
shame, 1
remediate, 1
experiene, 1
despair, 1
fixpls, 1
andoid, 1
hv, 1
honor, 1
Re, 1
mar, 1
harp, 1
knoe, 1
brush, 1
relocke, 1
ratr, 1
preface, 1
SAVE, 1
thr, 1
arrest, 1
accelerate, 1
dole, 1
interfere, 1
refinish, 1
improvise, 1
galexy, 1
seed, 1
constraint, 1
forward, 1
bang, 1
sling, 1
ascne, 1
overpower, 1
darn, 1
instabuy, 1
roguelike, 1
wane, 1
harmfull, 1
thught, 1
orbit, 1
rapid, 1
grafis, 1
uv, 1
Ã§Å“Å|, 1
yep, 1
pragon, 1
disconecte, 1
carryover, 1
expierience, 1
ballooonbs, 1
sadisfye, 1
ninja, 1
yo, 1
riot, 1
satestfiye, 1
REJOIN, 1
rentere, 1
ğŸ‘, 1
leve, 1
timeout, 1
shotgun, 1
lloovvee, 1
insta, 1
birthday, 1
alternate, 1
indulge, 1
ğŸ¤—, 1
ping, 1
ğŸŒ, 1
air, 1
ninjakiwi, 1
danload, 1
recomand, 1
tack, 1
perfer, 1
ausum, 1
fussty, 1
regreate, 1
sandboxode, 1
admire, 1
rambow, 1
fortifide, 1
bloom, 1
withstand, 1
broe, 1
walway, 1
ğŸ”°, 1
â«, 1
â†˜, 1
ğŸ›…, 1
ğŸ†, 1
amavinge, 1
incounter, 1
amazine, 1
dragon, 1
reside, 1
het, 1
reverse, 1
override, 1
won't, 1
cyberpunk, 1
MUCHH, 1
fanservicey, 1
facebook, 1
manufacture, 1
fixed, 1
touhou, 1
tombol, 1
suaranya, 1
gotten, 1
gÃ¼zel, 1
pander, 1
combines, 1
profit, 1
tilt, 1
à¹€à¸›à¹‡à¸™à¹€à¸à¸¡à¸—à¸µà¹ˆà¸ªà¸™à¸¸à¸à¸¡à¸²à¸à¹†à¹€à¸¥à¸¢à¸„à¹ˆà¸°, 1
reallocate, 1
musse, 1
clitche, 1
triger, 1
play!dure, 1
Rin, 1
awesome~, 1
irl, 1
craetive, 1
buyung, 1
pervy, 1
apriciate, 1
ly, 1
hypersexualise, 1
abrir, 1
à¹à¸•à¹ˆà¸„à¸¸à¹‰à¸¡à¸¡à¸²à¸à¹€à¸¥à¸¢à¸™à¸°, 1
upset, 1
ignite, 1
market, 1
bonker, 1
bunny, 1
pleeeeeease, 1
gG, 1
imput, 1
Ø§Ø­Ø§, 1
synce, 1
encanta, 1
wount, 1
pls, 1
WONKY, 1
eyyy, 1
likee, 1
ê´‘ê³ ìœ ë„ê°€, 1
ë“¤ì–´ê°€ë©´, 1
ì´ì•¼ê¸°ê°€, 1
ë˜‘ê°™ì€, 1
í†µí•´ì„œ, 1
ì¶”ê°€, 1
í–ˆì„ë•, 1
ì‹œì‘í•˜ë„¤ìš”, 1
í˜„ì§ˆí•˜ê³ , 1
ì˜ì–´ëŠ”, 1
ë‚œì´ë„, 1
í™•ì¥íŒ©, 1
í•œì •ë˜ì–´ìˆìœ¼ë‹ˆ, 1
ì •í•´ì ¸, 1
ìì›ì„, 1
ë‚˜ì˜ë©´, 1
ì ˆëŒ€ë¡œ, 1
ë„ˆë¬´, 1
í™•ì¥íŒ©ì—, 1
ë§¤ìš°, 1
ê²Œì„ì„±ì„, 1
ìŠ¤í† ë¦¬ëŠ”, 1
ì¡°ì˜¨ì¼, 1
whoop, 1
solved, 1
accidentaly, 1
confess, 1
swim, 1
overheart, 1
wi.l, 1
chickene, 1
mesh, 1
withdraw, 1
fiddle, 1
foresee, 1
assemble, 1
commute, 1
reinstal, 1
ui, 1
clash, 1
doin, 1
lovin, 1
missing?am, 1
speech, 1
playdate, 1
bam, 1
polute, 1
ressorse, 1
socialize, 1
speedrun, 1
unoptimize, 1
mirip, 1
dengan, 1
floor, 1
frieze, 1
fastival, 1
sprint, 1
dettecte, 1
kickstarte, 1
socialise, 1
moan, 1
waitte, 1
brainstorm, 1
regenerate, 1
boore, 1
echo, 1
possess, 1
cripple, 1
idle, 1
pt, 1
wrangle, 1
orgnize, 1
ack, 1
lvle, 1
instakill, 1
interactive, 1
debuff, 1
adorei, 1
o, 1
evaluate, 1
heartwarme, 1
paidd, 1
niceeeeeeeeeeeeeee, 1
trus, 1
ponder, 1
savor, 1
snag, 1
bill, 1
à¹€à¸à¸¡à¸™à¸µà¹‰à¸”à¸µà¸¡à¸²à¸à¸ªà¸™à¸¸à¸à¸¡à¸²à¸à¸„à¹ˆà¸², 1
argue, 1
shed, 1
scum, 1
discovery, 1
gamecould, 1
deplete, 1
segregate, 1
rng, 1
pq, 1
rec, 1
venture, 1
planta, 1
ğŸ”¥, 1
countinue, 1
clutch, 1
frickin, 1
reuse, 1
es, 1
earnt, 1
complicado, 1
debido, 1
membosankan, 1
reminize, 1
hade, 1
silence, 1
hahahahahaha, 1
apologize, 1
táº¡m, 1
mm, 1
osu, 1
thou, 1
drum, 1
effectuate, 1
ğŸ˜­, 1
discount, 1
recirculate, 1
interperte, 1
giáº£n, 1
paywall, 1
breakdown, 1
ğ“·ğ“²ğ“¬ğ“®, 1
itt, 1
ofc, 1
blackscreen, 1
rayark, 1
underate, 1
mucha, 1
cancione, 1
first, 1
flop, 1
izza, 1
com, 1
possÃ­vel, 1
spark, 1
gamble, 1
unistalle, 1
ibe, 1
recommand, 1
Ai, 1
remade, 1
smh, 1
æ•…äº‹è™½ç„¶ç²¾å½©ï¼Œç”»è´¨ä¼˜åŒ–å¾ˆä½³ï¼Œå¯æ˜¯å¯¹äºæˆ‘ä»¬è€ç©å®¶æ‰€ä½¿ç”¨çš„æ—§æ‰‹æœºå¼€å§‹ä¸æ”¯æŒäº†ï¼Œæˆ‘æœ‰ç‚¹ä¼¤å¿ƒ, 1
farewell, 1
requires, 1
â€™re, 1
consedere, 1
failed, 1
Neko#oÏ‰o, 1
rack, 1
great!!nothe, 1
resette, 1
evsrythe, 1
plea, 1
consult, 1
Ñ…Ğ¾Ñ‚ĞµĞ», 1
rave, 1
lunshe, 1
bruhh, 1
MIUI, 1
frike, 1
blackscreene, 1
freke, 1
bricke, 1
fantasise, 1
conokaine, 1
spur, 1
froze, 1
swith, 1
cutscene(poste, 1
refende, 1
unpause, 1
social, 1
despue, 1
abt, 1
aventyr, 1
wanst, 1
frig, 1
ã… ã… , 1
aweeeesome, 1
heighten, 1
nieko, 1
taip, 1
dissatisfy, 1
givn, 1
njoy, 1
guess(and, 1
crackle, 1
actualizacione, 1
anchor, 1
reassure, 1
texte, 1
reccommend, 1
reaponde, 1
rebel, 1
fel, 1
scrunch, 1
overflow, 1
overthought, 1
pound, 1
loue, 1
Ğ³ĞµÑ€Ğ¾Ğ¹, 1
Ğ¿Ğ¸ÑˆĞ¸, 1
educate, 1
fashion, 1
suspend, 1
stupefy, 1
Î¸Î±, 1
survie, 1
contextualize, 1
maroon, 1
underprice, 1
fart, 1
maze, 1
dicide, 1
wrench, 1
terrify, 1
grew, 1
niggle, 1
on, 1
luck, 1
deter, 1
habe, 1
course, 1
geeke, 1
heartbroken, 1
wamte, 1
associate, 1
wreck, 1
bond, 1
alotta, 1
breathtake, 1
probe, 1
suprise, 1
aeeif, 1
rewinde, 1
plod, 1
backtrack, 1
condescend, 1
caractÃ¨re, 1
storyline, 1
ramble, 1
recomende, 1
predict, 1
forego, 1
emphasize, 1
text?discriminate, 1
sweep, 1
complaining"bore, 1
pursue, 1
tease, 1
chuckle, 1
sail, 1
pardon, 1
dial, 1
spair, 1
pleeeeease, 1
hablndle, 1
garrison, 1
anyway, 1
Ø­Ø±Ø§Ù…Ø§Øª, 1
pix, 1
kickass, 1
trÃªn, 1
rá»™ng, 1
boggle, 1
pro, 1
lovin', 1
launce, 1
pak, 1
precede, 1
coh, 1
coh3, 1
double, 1
awkward, 1
remembered, 1
findnthen, 1
easoer, 1
campae, 1
favorate, 1
spea, 1
demolish, 1
ame, 1
geqg, 1
1v1, 1
creep, 1
cooldown, 1
narrow, 1
mengasyikkan, 1
destine, 1
capitalize, 1
multitask, 1
rome, 1
950u, 1
troll, 1
layer, 1
intensify, 1
but, 1
battlefield, 1
doesn`t, 1
trim, 1
wound, 1
WORTH, 1
skill, 1
mirco, 1
blur, 1
expose, 1
sega, 1
finsh, 1
fase, 1
regimend, 1
beco, 1
rubbish, 1
fir, 1
joint, 1
bi, 1
kez, 1
yuklenmedi, 1
don'tbecause, 1
0NLY, 1
lood, 1
GIVE, 1
abondone, 1
he.p, 1
keeps, 1
evethe, 1
disgust, 1
person, 1
overload, 1
unragdoll, 1
excuse, 1
purchese, 1
wis, 1
cxander88, 1
doesn't, 1
lagge, 1
playat, 1
ni, 1
dorongan, 1
fle, 1
sude, 1
loe, 1
weigh, 1
ğŸ™, 1
wouldn't, 1
sometime, 1
laggy, 1
daiyly, 1
pollute, 1
lake, 1
sence, 1
fru, 1
calculate, 1
extinguish, 1
loveeeeeeee, 1
GALAXY, 1
plaus, 1
tatty, 1
dead, 1
this)(grown, 1
ecscape, 1
dissconnect, 1
persona, 1
lololol, 1
loooooooooovvvvvvvvvvvve, 1
tysm, 1
stamp, 1
okay, 1
parkoure, 1
comminucate, 1
whwre, 1
refune, 1
funny, 1
mint, 1
dog, 1
ofline, 1
bey, 1
puzzel, 1
arow, 1
â–”, 1
ğŸ˜…, 1
butmy, 1
wew, 1
scape, 1
happyass, 1
lagg, 1
lovef, 1
krew, 1
weasel, 1
FAILT, 1
f&^*ing, 1
cryie, 1
stuff, 1
entrance, 1
blackout, 1
snatch, 1
pike, 1
maxxe, 1
lvl, 1
wine, 1
celebrate, 1
infect, 1
mitigate, 1
doy, 1
fracke, 1
snot, 1
repetitive, 1
lollipop, 1
releashe, 1
box, 1
=(, 1
became, 1
asm, 1
anje, 1
bulide, 1
sale, 1
soak, 1
ahahah, 1
inste, 1
spen, 1
jow, 1
tooo, 1
helping, 1
devote, 1
mispelle, 1
hqve, 1
rewatche, 1
stayed, 1
bunt, 1
boughten, 1
appericate, 1
à¹€à¸à¸¥à¸´à¸™à¸¡à¸²à¸, 1
cumme, 1
purrrrfect, 1
ĞºĞ¾Ğ³Ğ¾, 1
pile, 1
Ñ€Ğ¾Ñ„Ğ»Ğ¾Ğ², 1
banksy, 1
depth, 1
timekille, 1
snarky, 1
colorblind, 1
stupe, 1
belong, 1
inspect, 1
divertir, 1
playvpass, 1
snoozefest, 1
READ, 1
gogogogo, 1
abound, 1
kippot, 1
brainwash, 1
alright, 1
lore, 1
insite, 1
Ğ³Ñ€Ğ°, 1
Ğ¿Ğ¾Ğ³Ğ¾Ğ´Ğ¶ÑƒÑ”Ñ‚ÑŒÑÑ, 1
like(holde, 1
nonworke, 1
gatekeeper, 1
atone, 1
cx, 1
discern, 1
pup, 1
fry, 1
retante, 1
supplement, 1
purgatory, 1
ver, 1
cheapskate, 1
gigure, 1
impossivle, 1
friendliness, 1
incomprehensible, 1
gose, 1
peace, 1
pixellate, 1
butcher, 1
cheapen, 1
wuv, 1
jeer, 1
hearte, 1
prarecido, 1
underwhelme, 1
ĞºÑƒÑ‡Ğ°, 1
Ğ½Ğ¾Ğ²Ğ¾Ğµ, 1
illagle, 1
memorize, 1
tickle, 1
ĞºĞ¾Ğ¼Ğ¿ÑŒÑÑ‚ĞµÑ€Ğµ, 1
artartshka.#peace, 1
enjoin, 1
yield, 1
becuz, 1
alwayspwnsme, 1
barrage, 1
exploit, 1
piglet, 1
spoopy, 1
glory, 1
torture, 1
pride, 1
eexplain, 1
improvement, 1
uninstaller, 1
beacouse, 1
tak, 1
lern, 1
×‘×¢×•×œ×, 1
daonlod, 1
depress, 1
UNBALLIVALY, 1
tried, 1
deprive, 1
sabotage, 1
cooperate, 1
inform, 1
vote, 1
goein, 1
ğŸ„, 1
pase, 1
barb, 1
wase, 1
resent, 1
fustrate, 1
listin, 1
chod, 1
podo, 1
pleye, 1
se, 1
Ø§Ù„Ù„Ù‡, 1
noodlecake, 1
brag, 1
charecter, 1
duper, 1
rub, 1
menguji, 1
measure, 1
celeste, 1
ispend, 1
FALL, 1
quote, 1
khush, 1
cuss, 1
finshe, 1
soften, 1
flick, 1
ğŸ‰, 1
mmm, 1
forefille, 1
fling, 1
speedrune, 1
yeete, 1
gave, 1
ka, 1
egg, 1
agrivate, 1
*, 1
v2, 1
heed, 1
anoe, 1
syffere, 1
crat, 1
taunt, 1
enduce, 1
arc, 1
profile, 1
WAAAAY, 1
rag, 1
duck, 1
:'(, 1
complian, 1
says, 1
mouse, 1
ğŸ˜², 1
space, 1
achive, 1
chut, 1
hh, 1
fugge, 1
entitle, 1
bennit, 1
dnosent, 1
mske, 1
interract, 1
puri, 1
isase, 1
ho, 1
readjust, 1
outcome, 1
unengage, 1
skille, 1
ğŸ‘¹, 1
FUN!, 1
breathe, 1
