good, 6528
great, 4089
fun, 1862
amazing, 1518
more, 1474
worth, 1289
nice, 1077
new, 1046
other, 1022
mobile, 931
awesome, 833
hard, 795
bad, 730
easy, 691
little, 641
first, 639
much, 621
cool, 615
well, 604
many, 564
only, 551
same, 525
simple, 518
few, 455
free, 450
beautiful, 402
addictive, 398
perfect, 380
long, 375
different, 370
favorite, 349
excellent, 335
old, 334
fantastic, 331
able, 328
difficult, 305
challenging, 294
big, 287
real, 277
last, 276
interesting, 274
annoying, 269
super, 268
full, 262
enjoyable, 253
frustrating, 248
boring, 245
small, 238
sure, 238
high, 236
short, 230
most, 217
own, 192
happy, 189
original, 187
next, 183
whole, 176
impossible, 175
cute, 170
black, 168
unique, 167
smooth, 165
wonderful, 163
fine, 160
unplayable, 160
second, 155
single, 155
multiple, 153
terrible, 152
pretty, 152
low, 150
main, 145
least, 145
slow, 143
overall, 142
available, 141
solid, 137
funny, 135
decent, 135
android, 133
brilliant, 131
wrong, 131
enough, 129
right, 126
entertaining, 125
previous, 123
top, 120
extra, 116
possible, 115
bored, 114
unable, 112
sad, 111
repetitive, 109
such, 108
cheap, 107
less, 99
expensive, 97
incredible, 95
favourite, 93
ok, 93
late, 93
relaxing, 92
stupid, 91
weird, 91
horrible, 91
actual, 90
several, 90
laggy, 89
normal, 88
huge, 88
disappointed, 88
entire, 87
similar, 87
glad, 86
offline, 85
quick, 84
certain, 84
online, 83
epic, 81
playable, 81
true, 80
fast, 80
save, 80
casual, 78
excited, 77
recent, 76
creative, 73
endless, 72
awful, 72
random, 71
-, 71
false, 71
lovely, 70
absolute, 69
close, 67
poor, 67
final, 66
drastic, 64
mad, 63
classic, 62
constant, 62
phenomenal, 61
okay, 59
additional, 59
stuck, 58
disappointing, 58
current, 57
interactive, 56
More, 56
complex, 56
minor, 56
major, 54
ridiculous, 53
engaging, 53
intuitive, 53
immersive, 53
fair, 52
complete, 52
large, 51
special, 51
clear, 51
flat, 51
micro, 51
strong, 51
deep, 50
2nd, 50
human, 50
Most, 49
exciting, 49
visual, 48
confusing, 48
sorry, 47
open, 47
crazy, 46
clunky, 46
honest, 46
daily, 46
multi, 45
balanced, 45
future, 44
mini, 44
graphic, 44
ds, 44
general, 43
kinda, 43
dark, 41
limited, 41
half, 41
clean, 41
past, 40
tiny, 40
awsome, 39
clever, 39
pure, 39
basic, 39
compatible, 39
third, 38
friendly, 38
3rd, 38
1st, 38
tough, 38
initial, 38
useless, 38
weak, 37
outstanding, 37
busy, 35
fake, 35
important, 35
pro, 35
specific, 35
early, 35
dead, 35
sweet, 35
tactical, 34
strategic, 34
usual, 34
tired, 33
stressful, 33
internal, 33
white, 33
satisfying, 32
polished, 32
non, 31
fresh, 31
unfair, 31
scary, 30
dumb, 30
external, 30
due, 30
exact, 30
total, 30
wonky, 30
greedy, 30
upset, 29
buggy, 29
rare, 29
addicted, 29
stunning, 29
massive, 29
smart, 29
charming, 28
pixel, 28
local, 28
adorable, 28
personal, 27
realistic, 27
awkward, 27
gorgeous, 27
ready, 26
serious, 26
so, 26
neat, 26
heavy, 26
regular, 26
interested, 26
surprised, 26
detailed, 26
unlocked, 26
skirmish, 26
rewarding, 25
negative, 25
complicated, 25
worthy, 25
intriguing, 25
easter, 25
helpful, 24
simplistic, 24
sick, 24
like, 24
exceptional, 24
impressed, 24
tedious, 24
calm, 24
very, 23
later, 23
odd, 23
saved, 23
common, 23
powerful, 23
hooked, 23
modern, 23
intense, 23
tricky, 23
peaceful, 22
glitchy, 22
strange, 22
slight, 22
premium, 22
tho, 22
hot, 22
lucky, 22
misleading, 22
ğŸ˜Š, 21
alright, 21
useful, 21
quite, 21
proper, 21
pointless, 21
replayable, 21
frequent, 21
popular, 20
confused, 20
young, 20
ğŸ», 20
mid, 20
catchy, 20
audio, 20
graphical, 20
minimal, 20
uninstalled, 20
unresponsive, 20
terraria, 20
superb, 19
blank, 19
pleasant, 19
impressive, 19
finicky, 19
ğŸ‘Œ, 18
obvious, 18
sound, 18
tutorial, 18
red, 18
rich, 18
insane, 18
double, 18
pleasing, 18
blue, 18
empty, 18
satisfied, 18
idle, 18
frustrated, 17
ğŸ‘, 17
occasional, 17
player, 17
reasonable, 17
typical, 17
public, 17
mod, 16
fav, 16
stable, 16
willing, 16
correct, 16
generic, 16
hilarious, 16
various, 16
ğŸ¤™, 16
ill, 15
reinstall, 15
responsive, 15
ultra, 15
left, 15
potential, 15
accessible, 15
present, 15
alive, 15
countless, 15
chinese, 15
about, 15
faithful, 15
damn, 15
unusable, 15
mediocre, 15
active, 15
unlimited, 15
compelling, 15
ninja, 14
angry, 14
surprising, 14
broken, 14
3d, 14
ğŸ˜Œ, 14
nostalgic, 14
curious, 14
rough, 14
aware, 14
minimalistic, 14
careful, 14
silly, 14
flawless, 14
silent, 14
separate, 14
customizable, 14
creepy, 13
numerous, 13
legendary, 13
4th, 13
pricey, 13
quiet, 13
safe, 13
sudden, 13
hardcore, 13
wise, 13
consistent, 13
minimalist, 13
particular, 13
light, 13
refunded, 13
pink, 13
select, 13
unnecessary, 13
recommend, 13
wide, 13
straight, 13
diverse, 13
locked, 13
understandable, 13
3ds, 13
fat, 13
steep, 13
emotional, 13
sticky, 13
virtual, 12
lazy, 12
ğŸ˜˜, 12
musical, 12
comfortable, 12
golden, 12
japanese, 12
portable, 12
aesthetic, 12
key, 12
extreme, 12
refreshing, 12
painful, 12
bright, 12
5th, 12
kind, 12
atleast, 12
rpg, 12
skeptical, 12
hesitant, 12
positive, 12
lame, 12
lol, 11
worried, 11
direct, 11
secret, 11
innovative, 11
critical, 11
medical, 11
sim, 11
corrupt, 11
s10, 11
average, 11
unacceptable, 11
ideal, 11
stale, 11
evil, 11
concerned, 11
individual, 11
unfortunate, 11
identical, 11
dull, 11
cut, 11
alien, 11
grand, 11
convenient, 10
unknown, 10
colorful, 10
live, 10
suspenseful, 10
precise, 10
worthwhile, 10
green, 10
bloody, 10
acceptable, 10
affordable, 10
automatic, 10
mental, 10
unlockable, 10
technical, 10
sized, 10
soft, 10
advertised, 10
excessive, 10
unbalanced, 10
significant, 10
ultimate, 9
infinite, 9
efficient, 9
hidden, 9
effective, 9
choppy, 9
fabulous, 9
international, 9
english, 9
subtle, 9
imo, 9
standard, 9
reminiscent, 9
giant, 9
annoyed, 9
manual, 9
spare, 9
opposite, 9
atmospheric, 9
familiar, 9
fluid, 9
near, 9
physical, 9
overwhelming, 9
down, 9
u, 9
sensitive, 9
magnificent, 9
elegant, 9
delightful, 9
german, 9
cloud, 9
optical, 9
linear, 9
touching, 9
split, 9
â”, 9
sync, 9
op, 9
british, 9
mysterious, 8
official, 8
welcome, 8
steady, 8
inconsistent, 8
dear, 8
unstable, 8
blurry, 8
ğŸ–¤, 8
proud, 8
indie, 8
amazed, 8
unlock, 8
dynamic, 8
blatant, 8
straightforward, 8
notch, 8
crappy, 8
best, 8
forward, 8
tense, 8
payed, 8
front, 8
quirky, 8
cheat, 8
generous, 8
expansive, 8
male, 8
abysmal, 8
themed, 8
upfront, 8
clumsy, 8
memorable, 8
everytime, 8
unclear, 8
varied, 8
rude, 8
miku, 8
feral, 8
beta, 7
flumpty, 7
disgusting, 7
wild, 7
splendid, 7
intelligent, 7
gray, 7
scared, 7
invisible, 7
accurate, 7
+, 7
definite, 7
unrealistic, 7
prior, 7
bugged, 7
alone, 7
vast, 7
wholesome, 7
attractive, 7
comic, 7
fourth, 7
famous, 7
btw, 7
connected, 7
shallow, 7
grim, 7
anti, 7
terrific, 7
advanced, 7
likely, 7
bottom, 7
functional, 7
legal, 7
costly, 7
unreliable, 7
passer, 7
unbearable, 7
relatable, 7
sexy, 7
outrageous, 7
dishonest, 7
prequel, 7
successful, 7
prepared, 7
digital, 7
geometric, 7
mindless, 7
gay, 6
unfinished, 6
ğŸ˜‘, 6
beatiful, 6
capable, 6
ğŸ˜­, 6
inconvenient, 6
social, 6
spectacular, 6
brutal, 6
natural, 6
round, 6
shocking, 6
horrendous, 6
crisp, 6
female, 6
ashamed, 6
equal, 6
depressed, 6
cross, 6
obsessed, 6
valid, 6
lovable, 6
enticing, 6
iffy, 6
gud, 6
ugly, 6
solo, 6
dual, 6
sonic, 6
plain, 6
MORE, 6
funn, 6
uninstall, 6
pleased, 6
seamless, 6
picky, 6
apparent, 6
thoughtful, 6
indonesian, 6
global, 6
necessary, 6
disable, 6
visible, 6
imaginative, 6
relaxed, 6
thrilled, 6
literal, 6
overpriced, 6
absurd, 6
optional, 6
summon, 6
american, 6
suitable, 6
gold, 6
ğŸ¯, 6
underrated, 6
fascinating, 6
meditative, 6
elite, 6
messy, 6
intresting, 6
âœ‰, 6
deselecting, 6
humorous, 6
yea, 5
legit, 5
toxic, 5
dedicated, 5
ğŸŒ´, 5
permanent, 5
subpar, 5
rhythmic, 5
minded, 5
instant, 5
purple, 5
adjustable, 5
harsh, 5
stretched, 5
illegal, 5
moblie, 5
stretch, 5
frozen, 5
unreadable, 5
preferred, 5
update, 5
patient, 5
inspiring, 5
stardew, 5
smartphone, 5
10th, 5
superior, 5
hungry, 5
anxious, 5
fancy, 5
yellow, 5
back, 5
asleep, 5
traditional, 5
lite, 5
lost, 5
extended, 5
loud, 5
unbeatable, 5
exclusive, 5
realtime, 5
artistic, 5
medium, 5
raw, 5
autosave, 5
unforgiving, 5
usable, 5
distinct, 5
vertical, 5
stellar, 5
Less, 5
loose, 5
impactful, 5
just, 5
inappropriate, 5
f2p, 5
sometime, 5
predatory, 5
meaningful, 5
worthless, 5
cluttered, 5
kingdom, 5
reset, 5
amusing, 5
needless, 5
magical, 5
warm, 5
logical, 5
doable, 5
fond, 5
stylish, 5
determined, 5
intact, 5
unexpected, 5
tall, 5
holy, 5
sooo, 5
solar, 5
fluent, 5
alternate, 5
ironhide, 5
beatable, 5
former, 5
fictional, 5
incorrect, 5
military, 5
grateful, 5
hololive, 5
involved, 5
blind, 5
â–‚, 5
slippery, 5
tgis, 4
professional, 4
wireless, 4
soooo, 4
unenjoyable, 4
dangerous, 4
cellular, 4
ğŸ¥°, 4
pet, 4
mixed, 4
grate, 4
refund, 4
intentional, 4
rhythm, 4
re, 4
jarring, 4
mean, 4
asap, 4
further, 4
desperate, 4
semi, 4
incomplete, 4
valuable, 4
improved, 4
experienced, 4
6th, 4
cozy, 4
nintendo, 4
incompatible, 4
nonstop, 4
depth, 4
bland, 4
extraordinary, 4
developed, 4
ol', 4
backup, 4
immense, 4
ambient, 4
rounded, 4
beutiful, 4
def, 4
you, 4
incoming, 4
sluggish, 4
unbelievable, 4
tight, 4
moral, 4
lengthy, 4
repeatable, 4
prime, 4
reliable, 4
related, 4
bluetooth, 4
suspicious, 4
sketchy, 4
plenty, 4
arbitrary, 4
magic, 4
mundane, 4
pop, 4
redundant, 4
mandatory, 4
winnable, 4
set, 4
avid, 4
considerable, 4
ambiguous, 4
gacha, 4
lewd, 4
hit, 4
legitimate, 4
competitive, 4
adictive, 4
slick, 4
paced, 4
overcrowded, 4
astounding, 4
soothing, 4
achievable, 4
trivial, 4
thrilling, 4
grey, 4
rubbish, 4
static, 4
Ğ¾Ñ‚Ğ»Ğ¸Ñ‡Ğ½Ğ°Ñ, 4
sacred, 4
triple, 4
conscious, 4
gentle, 4
euclidean, 4
moble, 4
far, 4
journey, 4
obtainable, 4
comprehensive, 4
heartbreaking, 4
beneficial, 4
inaccurate, 4
heroic, 4
genuine, 4
comical, 4
witty, 4
fifth, 4
unpredictable, 4
nuclear, 4
apocalyptic, 4
atrocious, 4
square, 4
unfriendly, 4
funky, 4
noticeable, 4
disconnected, 4
paragon, 4
anime, 4
believable, 4
touchy, 4
starter, 3
dup, 3
shocked, 3
ğŸ˜¡, 3
iconic, 3
strict, 3
mojang, 3
â€, 3
entertained, 3
bare, 3
private, 3
MOST, 3
modded, 3
worst, 3
input, 3
beat, 3
miss, 3
middle, 3
uninteresting, 3
electronic, 3
better, 3
finished, 3
inclined, 3
severe, 3
upbeat, 3
handy, 3
national, 3
squad, 3
s21, 3
defensive, 3
shortlist, 3
loyal, 3
similiar, 3
underwhelming, 3
furth, 3
unusual, 3
sorted, 3
zoomed, 3
historical, 3
med, 3
pathetic, 3
persistent, 3
unsure, 3
dreadful, 3
d, 3
unsatisfied, 3
pregnant, 3
akin, 3
cold, 3
productive, 3
therapeutic, 3
fave, 3
comparable, 3
abandon, 3
up, 3
passive, 3
bestest, 3
storyline, 3
everyday, 3
content, 3
broad, 3
lonely, 3
weekly, 3
calming, 3
manageable, 3
9th, 3
remote, 3
geometrical, 3
motivated, 3
out, 3
godly, 3
too, 3
dosent, 3
+1, 3
dimensional, 3
dissatisfied, 3
medieval, 3
dev, 3
chaotic, 3
pause, 3
fixed, 3
flashy, 3
roguelike, 3
imprecise, 3
de, 3
imho, 3
wish, 3
approachable, 3
sleek, 3
touchscreen, 3
intrusive, 3
crucial, 3
wary, 3
appropriate, 3
lousy, 3
definitive, 3
wee, 3
continuous, 3
handheld, 3
pre, 3
shameless, 3
existent, 3
utter, 3
mutiple, 3
bearable, 3
ssr, 3
skimpy, 3
soo, 3
invalid, 3
robotic, 3
delete, 3
deceptive, 3
coment, 3
hood, 3
ish, 3
diferent, 3
post, 3
substantial, 3
optimal, 3
unintuitive, 3
underground, 3
offensive, 3
unnoticed, 3
practical, 3
appealing, 3
thin, 3
remarkable, 3
excruciating, 3
russian, 3
elevated, 3
satisfactory, 3
unpolished, 3
flawed, 3
framerate, 3
laughable, 3
cumbersome, 3
atomic, 3
favs, 3
logic, 3
bizarre, 3
sensational, 3
spacial, 3
exquisite, 3
lackluster, 3
enchanting, 3
intricate, 3
ecstatic, 3
dry, 3
undo, 3
portal, 3
upcoming, 3
mech, 3
rip, 3
cracked, 3
marvelous, 3
additive, 3
unskippable, 3
bast, 3
in, 3
sixth, 3
snappy, 3
diffrent, 3
responsible, 3
ğŸ––, 3
mutant, 3
directional, 3
stiff, 3
ğŸ’, 3
flumptys, 3
problematic, 3
afraid, 3
lmfao, 3
btd, 3
sexual, 3
astonishing, 3
ui, 3
sheer, 3
vanessa, 3
unimportant, 3
telltale, 3
french, 3
hectic, 3
thankyou, 3
wobbly, 3
mexican, 3
vague, 3
joystick, 3
outdated, 2
hostile, 2
regret, 2
distracted, 2
7th, 2
token, 2
nih, 2
speedrun, 2
fortnite, 2
architectural, 2
depressing, 2
on, 2
soooooooooooooooo, 2
kid, 2
mujhe, 2
aggravating, 2
stressed, 2
avaliable, 2
challanging, 2
skilled, 2
astronomical, 2
instrumental, 2
precious, 2
haptic, 2
fledged, 2
furious, 2
bold, 2
riddled, 2
ambitious, 2
asian, 2
s, 2
chief, 2
following, 2
scrolling, 2
12th, 2
sharp, 2
north, 2
funner, 2
subsequent, 2
nuts, 2
click, 2
oneplus, 2
faint, 2
pog, 2
janky, 2
inclusive, 2
questionable, 2
ğŸ‘„, 2
bitter, 2
repeatitive, 2
spiritual, 2
uncommon, 2
plz, 2
into, 2
platform, 2
loooong, 2
delicious, 2
personalizable, 2
comforting, 2
dramatic, 2
glichy, 2
greatful, 2
upside, 2
como, 2
devastating, 2
madness, 2
unaccessible, 2
rouge, 2
moderate, 2
interchangeable, 2
samsung, 2
speechless, 2
emergent, 2
meh, 2
made, 2
moto, 2
savegame, 2
ordinary, 2
octa, 2
fundamental, 2
binary, 2
tragic, 2
european, 2
helpfull, 2
ruthless, 2
thx, 2
fitting, 2
irritated, 2
lively, 2
lid, 2
mi, 2
jealous, 2
intial, 2
competent, 2
cheeky, 2
bt, 2
patched, 2
glorious, 2
shiny, 2
layout, 2
fi, 2
multiplayer, 2
customisable, 2
thankful, 2
used, 2
associated, 2
ingame, 2
crappie, 2
anoying, 2
playful, 2
invasive, 2
skippable, 2
esoteric, 2
dang, 2
ol, 2
fellow, 2
supreme, 2
spooky, 2
creep, 2
vds, 2
explanatory, 2
preset, 2
colourful, 2
purchasable, 2
disappointment, 2
shameful, 2
underpowered, 2
repetive, 2
colored, 2
attainable, 2
mana, 2
esque, 2
uncomfortable, 2
waifu, 2
passable, 2
dirty, 2
star, 2
fantesy, 2
overwhelmed, 2
psychological, 2
shady, 2
disgusted, 2
shabby, 2
readable, 2
cheep, 2
singular, 2
booba, 2
stingy, 2
rush, 2
wicked, 2
bagus, 2
game, 2
controllable, 2
elven, 2
mythical, 2
mesmerizing, 2
recognizable, 2
adaptive, 2
waaaaay, 2
gradual, 2
qol, 2
sufficient, 2
puzzling, 2
zen, 2
illogical, 2
ingenious, 2
improve, 2
mere, 2
bucharest, 2
gripping, 2
unsupported, 2
s8, 2
bothersome, 2
add, 2
defective, 2
phenominal, 2
crash, 2
upper, 2
engaged, 2
chilling, 2
remastered, 2
badass, 2
shoddy, 2
muddy, 2
unoptimised, 2
ported, 2
immediate, 2
cinematic, 2
suited, 2
thermal, 2
sizable, 2
serene, 2
pretentious, 2
abstract, 2
fenomenal, 2
enthralling, 2
purchaseable, 2
breathtaking, 2
mesmerising, 2
enyojable, 2
sole, 2
ademÃ¡s, 2
ethereal, 2
standalone, 2
lacking, 2
surreal, 2
ğŸ’¥, 2
grat, 2
imposible, 2
inactive, 2
native, 2
fascinated, 2
disorienting, 2
speedy, 2
childish, 2
ther, 2
ungrateful, 2
splash, 2
craic, 2
realz, 2
retarded, 2
vary, 2
limitless, 2
above, 2
grammatical, 2
playthrough, 2
ironside, 2
dissapointed, 2
paid, 2
orginal, 2
unpleasant, 2
absent, 2
viable, 2
sour, 2
inital, 2
widescreen, 2
completable, 2
kongregate, 2
inferior, 2
aggresive, 2
latter, 2
trashy, 2
essential, 2
occassional, 2
salty, 2
consecutive, 2
restore, 2
susah, 2
repayable, 2
die, 2
simplified, 2
tech, 2
exp, 2
programmed, 2
nic, 2
bhi, 2
adventurous, 2
net, 2
ğŸŒ¹, 2
Ğ½Ğ¾Ñ€Ğ¼, 2
comedic, 2
easyi, 2
i'm, 2
oyun, 2
gross, 2
immune, 2
attentive, 2
pissed, 2
disabled, 2
mild, 2
fiddly, 2
incapable, 2
duo, 2
concrete, 2
sts, 2
overwrite, 2
spotty, 2
miserable, 2
unhappy, 2
run, 2
unreasonable, 2
accidental, 2
prompt, 2
draw, 2
fuzzy, 2
maximum, 2
confirm, 2
selectable, 2
enormous, 2
ummm, 2
ğŸ†—, 2
covid, 2
offset, 2
ini, 2
temporary, 2
unhelpful, 2
political, 2
cure, 2
cn, 2
focused, 2
coming, 2
outside, 2
tiring, 2
mmo, 2
eager, 2
thai, 2
ğŸ‘‘, 2
excepcional, 2
impeccable, 2
veteran, 2
intended, 2
ã€Š, 2
futuristic, 2
exorbitant, 2
talented, 2
ï¼›, 2
freeze, 2
forced, 2
likeable, 2
tip, 2
imaginary, 2
sarcastic, 2
obnoxious, 2
alternative, 2
counterintuitive, 2
wait, 2
likable, 2
lifeline, 2
timed, 2
tiresome, 2
uneducated, 2
axis, 2
ahahaha, 2
nervous, 2
excite, 2
ipod, 2
monotonous, 2
frenetic, 2
sumo, 2
intensive, 2
pixelated, 2
antisemitic, 2
markipli, 2
batter, 2
brown, 2
frantic, 2
agien, 2
lantern, 2
sathya, 2
beacuse, 1
ğŸ¥§, 1
famliy, 1
coud, 1
version(not, 1
life, 1
olmost, 1
unfathomable, 1
nbt, 1
despawn, 1
unble, 1
what-, 1
kenal, 1
ğŸ¦‰, 1
â€¼ï¸â€¼ï¸, 1
irrational, 1
nother, 1
fermented, 1
suggested, 1
deez, 1
makingbthis, 1
funder, 1
manhunt.b, 1
confertable, 1
racist, 1
hive, 1
ğŸ­, 1
45%.plz, 1
hidehand, 1
featured, 1
bet, 1
ngasih, 1
shaky, 1
mineplex, 1
sooooooooooooooo, 1
pale, 1
catchable, 1
scientific, 1
oddly, 1
mine, 1
disappear, 1
pinky, 1
corrupted, 1
updete, 1
bove, 1
noch, 1
sims, 1
unsimilar, 1
spin, 1
2200ì›ì—, 1
monile, 1
fum, 1
imaginable, 1
noce, 1
snooth, 1
tolerant, 1
elitist, 1
coopncept, 1
goddamn, 1
geat, 1
simalar, 1
clouple, 1
broke, 1
thingey, 1
costume, 1
wirth, 1
reliant, 1
check, 1
firt, 1
kino, 1
vert, 1
offbeat, 1
rhythmical, 1
fleshed, 1
exhilarating, 1
unrelated, 1
aandtge, 1
rhythmically, 1
120hz, 1
sime, 1
uptade, 1
anticlimactic, 1
ê²Œì„ì„±, 1
ìì²´ëŠ”, 1
ìˆê³ , 1
ë¦¬ë“¬ê²Œì„ì´ë¼ëŠ”, 1
core, 1
promising, 1
lose, 1
footie, 1
nerfed, 1
jersey, 1
oh, 1
forceful, 1
away, 1
please?, 1
forth, 1
100mâ‚¬, 1
alotmof, 1
embarrassing, 1
staggering, 1
Å•ubbish, 1
costumer, 1
safed, 1
qualified, 1
joyful, 1
crashhalftime, 1
canadian, 1
feeble, 1
90th, 1
financial, 1
regional, 1
ingiltere, 1
lig, 1
aynÄ±sÄ±, 1
arkadaÅŸlar, 1
footy, 1
trainable, 1
fmm21, 1
superficial, 1
dissapear, 1
feal, 1
24th, 1
structured, 1
domestic, 1
undefeated, 1
min, 1
stretchy, 1
dissappointed, 1
disallowed, 1
display, 1
unbeaten, 1
unproven, 1
gameplay, 1
aboit, 1
rediculous, 1
requestinf, 1
goal, 1
disturbing, 1
vanarama, 1
ridden, 1
positional, 1
enhanced, 1
saturated, 1
java, 1
horribley, 1
uninstslled, 1
grown, 1
vivid, 1
colour, 1
abolish, 1
font, 1
tat, 1
usefull, 1
automate, 1
gratifying, 1
downloadable, 1
chuckelfish, 1
prismatic, 1
thirteenth, 1
29th, 1
edible, 1
filthy, 1
balnced, 1
buetiful, 1
coolest, 1
sheesh, 1
updaaaate, 1
nifty, 1
version[fave, 1
@harv, 1
jellyfish, 1
wntire, 1
logging, 1
canary, 1
autofish, 1
addictied, 1
20th, 1
crossed, 1
muchh, 1
wasteful, 1
biological, 1
evergreen, 1
accomplish, 1
dispite, 1
freeplay, 1
overdue, 1
cruel, 1
ancient, 1
dwarven, 1
ï¸.thx, 1
saving, 1
unhealthy, 1
feasible, 1
Ñ…Ğ¾Ñ€Ğ¾ÑˆĞ°Ñ, 1
brief, 1
them.)but, 1
clueless, 1
chuckle, 1
favrite, 1
nonbinary, 1
eccentric, 1
volcanic, 1
integral, 1
spssk, 1
deadlocked, 1
bangin, 1
asthonishable, 1
cube, 1
awol, 1
absolutley, 1
simalor, 1
pizzafox41, 1
ğŸ”“, 1
^_^^_^^_^(, 1
ï¸µ, 1
sorta, 1
slaughterhouse, 1
ggnore, 1
magnifical, 1
hacpk1, 1
2d, 1
bugs, 1
reccomendable, 1
refundable, 1
conical, 1
yandere, 1
build-, 1
undevelopment, 1
plzzzzzzzzzzz, 1
2.2k, 1
terabyte, 1
thisgame, 1
tylko, 1
gustÃ³, 1
thid, 1
layla, 1
rlly, 1
challenge, 1
unicie, 1
life!!!i, 1
perky, 1
glitchds, 1
sunny, 1
pilot, 1
gÃ¸Ã¸d, 1
lunatic, 1
outdid, 1
sucky, 1
axe, 1
micromanagement, 1
utilitzed, 1
~20, 1
disheartening, 1
pressable, 1
barrage, 1
artsy, 1
tasteful, 1
insignificant, 1
celtic, 1
plausible, 1
crippling, 1
unproductive, 1
rts, 1
amazing!!!sooo, 1
environmental, 1
selected)or, 1
eofferent, 1
nuanced, 1
inadequate, 1
specialized, 1
sheild, 1
ubiquitous, 1
deployable, 1
nordic, 1
climatic, 1
bloodthirsty, 1
stylist, 1
mobial, 1
weakened, 1
fortifiable, 1
murderous, 1
lauding, 1
dank, 1
punishing, 1
handed, 1
calvary, 1
armoured, 1
aswel, 1
ffs, 1
done, 1
fixable, 1
brute, 1
timely, 1
som, 1
24hrs, 1
libertarian, 1
hmm, 1
campain, 1
quibble, 1
optimum, 1
lowend, 1
horizontal, 1
5ish, 1
loaded, 1
metroid, 1
facorite, 1
unremovable, 1
primitive, 1
esp, 1
mic, 1
plays, 1
throught, 1
unzipped, 1
unavoidable, 1
sceptical, 1
malware, 1
inbuilt, 1
said, 1
phantom, 1
otg, 1
trustable, 1
emulated, 1
poco, 1
irreplaceable, 1
uzereyken, 1
buga, 1
actigimda, 1
birkere, 1
preloaded, 1
arch, 1
desiderare, 1
crunchy, 1
pivotal, 1
unsafe, 1
debug, 1
finest, 1
cluncky, 1
edited, 1
sprite, 1
nwotth, 1
user, 1
ergonomic, 1
robust, 1
tidal, 1
compulsive, 1
stop, 1
challenged, 1
greay, 1
addictivr, 1
extinct, 1
ocd, 1
fkn, 1
inefficient, 1
demanding, 1
saleable, 1
unattainable, 1
statistical, 1
uplifting, 1
progess, 1
la, 1
fantastics, 1
monotnous, 1
translusant, 1
2000th, 1
sleepless, 1
tame, 1
endgame, 1
spend, 1
dated, 1
enamored, 1
pun, 1
booming, 1
cathartic, 1
tamable, 1
rationale, 1
bas, 1
scathing, 1
ended, 1
tamagotchi, 1
perverted, 1
bijuumike, 1
likey, 1
adv, 1
smoothness, 1
wired, 1
expectant, 1
app, 1
loosing, 1
unrecoverable, 1
urghhh, 1
dÃ³lar, 1
fortunate, 1
lightweight, 1
x2, 1
pritty, 1
steal, 1
weary, 1
g7, 1
gorey, 1
shard, 1
edgy, 1
funer, 1
naruto, 1
obscene, 1
smh, 1
violent, 1
enjoyful, 1
layered, 1
ğ•’ğ•£ğ•–, 1
unnesscessary, 1
powered, 1
stragedys, 1
fierce, 1
anymore, 1
tormenting, 1
degenerate, 1
furry, 1
entertaning, 1
butiful, 1
ãƒãƒ‹ãƒ¥ã‚¢ãƒ«æ“ä½œã®å¯¾æˆ¦ã¯æˆ¦ç•¥æ€§é«˜ãé¢ç™½ã‹, 1
vicious, 1
pornographic, 1
feline, 1
gucci, 1
onscreen, 1
plentiful, 1
tlng, 1
meaningless, 1
dependent, 1
awaken, 1
rid, 1
punchable, 1
you.can, 1
avalible, 1
immeasurable, 1
upsetting, 1
suggestive, 1
physiological, 1
claimable, 1
ë§ì¸ì§€, 1
ì´ì•¼ê¸°, 1
promised, 1
manipulative, 1
play, 1
outright, 1
zzz, 1
slim, 1
ssr(b, 1
skeezy, 1
generis, 1
overused, 1
scammed, 1
okish, 1
f, 1
recycled, 1
representative, 1
selfish, 1
everythimg, 1
randomly, 1
fun-, 1
ybis, 1
promotional, 1
suedo, 1
pokÃ©mon, 1
dehumanising, 1
visceral, 1
unchanging, 1
answer-, 1
bad-, 1
archer, 1
druid, 1
garish, 1
simular, 1
annual, 1
Ä‘á»©ng, 1
wierd, 1
ironshide, 1
unit&hero, 1
pushy, 1
easy(almost, 1
branched, 1
hearted, 1
behold, 1
refresh, 1
outraged, 1
immoral, 1
ancestral, 1
drivable, 1
momento, 1
lasting, 1
extras, 1
muy, 1
lmao, 1
artificial, 1
awese, 1
mannered, 1
fixible, 1
c', 1
tidious, 1
fashioned, 1
muchhh, 1
yet.great, 1
mistic, 1
sellout, 1
educative, 1
unattached, 1
crear, 1
recommended, 1
genial, 1
Ğ¾Ñ‚Ğ»Ğ¸Ñ‡Ğ½Ğ¾, 1
grrat, 1
sequal, 1
oi, 1
scoreboard, 1
authentic, 1
budapest, 1
stimulating, 1
buzz, 1
adidictive, 1
overrated, 1
drab, 1
aesthetical, 1
wickedly, 1
swiss, 1
stylised, 1
jumpy, 1
vintage, 1
pressurized, 1
ya, 1
rational, 1
hourly, 1
mistaken, 1
erhm, 1
mesmeric, 1
crowded, 1
central, 1
commitment, 1
inexpensive, 1
appreciated, 1
ĞºĞ¾Ğ³Ğ´Ğ°, 1
ĞºĞ¾Ñ€Ğ¾Ğ½Ğ¾Ğ²Ğ¸Ñ€ÑƒÑ, 1
adrenaline, 1
sinple, 1
logistical, 1
overcomplicated, 1
imersive, 1
addfree, 1
poetic, 1
elaborate, 1
absolutnÄ›, 1
jednoduchÃ¡, 1
enthralled, 1
Ğ¿Ñ€ĞµĞºÑ€Ğ°ÑĞ½Ğ°Ñ, 1
Ğ¿Ğ¾Ñ‡ÑƒĞ²ÑÑ‚Ğ²Ğ¾Ğ²Ğ°Ñ‚ÑŒ, 1
Ğ¼Ğ½Ğ¾Ğ³Ğ¾, 1
progressional, 1
pac, 1
relevant, 1
ram/, 1
brainy, 1
leuke, 1
granade, 1
miui, 1
redirect, 1
curved, 1
actuall, 1
turnbased, 1
indepth, 1
Ğ·Ğ°Ğ¿ÑƒÑÑ‚Ğ¸Ñ‚ÑÑ, 1
console, 1
glitches.can, 1
slingshot, 1
secondary, 1
distraught, 1
snapdragon732, 1
susceptible, 1
guardian, 1
convinced, 1
crazy"but, 1
go, 1
else, 1
bitt, 1
beware, 1
30fps, 1
ide, 1
hight, 1
pÃ¡r, 1
com, 1
reloaded, 1
inept, 1
distressed, 1
instal, 1
rulete, 1
accustomed, 1
viewable, 1
harrowing, 1
mature, 1
lopsided, 1
honorable, 1
areial, 1
abnoctious, 1
note20ultra, 1
dubious, 1
deserved, 1
decal, 1
unavle, 1
grating, 1
avoidable, 1
base, 1
clingy, 1
peerless, 1
sequel, 1
derpi, 1
covert, 1
almighty, 1
rife, 1
edit, 1
parrt, 1
negitve, 1
oppo, 1
underfunded, 1
psionic, 1
okayish, 1
Ğ¿Ğ»Ğ°Ñ‚Ğ½Ğ°Ñ, 1
umable, 1
toned, 1
lollipop, 1
unplayed, 1
reoccurring, 1
seperate, 1
continued, 1
500mb-1gb, 1
minimum, 1
menus, 1
multilevel, 1
availible, 1
wanky, 1
unmissable, 1
abandonware, 1
cosmetic, 1
wizz, 1
wasted, 1
masochistic, 1
mutable, 1
unplayeable, 1
teclast, 1
insufficient, 1
abailable, 1
packed, 1
stretgic, 1
pc\console, 1
moneycan, 1
percentile, 1
trippy, 1
exemplary, 1
cooperative, 1
topological, 1
deepest, 1
dangling, 1
splendide, 1
mechanical, 1
pleasent, 1
unchallenging, 1
mystical, 1
fantastical, 1
5the, 1
enigmatic, 1
dreamy, 1
cognitive, 1
disruptive, 1
booty, 1
fungible, 1
fit, 1
required, 1
truly, 1
wondrous, 1
cranial, 1
enough!, 1
perplexing, 1
brillante, 1
transcendent, 1
peacful, 1
moveable, 1
unmatched, 1
superliminal, 1
plesant, 1
wonderfull, 1
auditory, 1
beutifull, 1
priceless, 1
ustwo, 1
mpre, 1
vibrant, 1
amazy, 1
dreamlike, 1
perspective, 1
solvable, 1
sideways, 1
mindfulness, 1
added, 1
railroaded, 1
objective, 1
pesky, 1
delighted, 1
calmer, 1
crispy, 1
19th, 1
roman, 1
greek, 1
norse, 1
farth, 1
sighted, 1
nearsighted, 1
desirable, 1
marked, 1
strategy, 1
famtastic, 1
increÃ­ble, 1
carpel, 1
unfixed, 1
unfun, 1
monarchs, 1
lag, 1
opaque, 1
defenseless, 1
pixle, 1
dense, 1
paranoid, 1
hyped, 1
monotone, 1
uneventful, 1
device, 1
of.my, 1
everbwhy, 1
ghacha, 1
angl, 1
een, 1
immaculate, 1
godtier, 1
disapointing, 1
tis, 1
pc.but, 1
divine, 1
gr8, 1
elementary, 1
overpowered, 1
unrecognizable, 1
kitted, 1
stubborn, 1
flashed, 1
abot, 1
universal, 1
played, 1
vexing, 1
whiney, 1
pitty, 1
xd, 1
lan, 1
lavaproov, 1
thriving, 1
ankh, 1
vomputer, 1
crimson, 1
enchanted, 1
orignal, 1
minimalisitic, 1
finctional, 1
flare, 1
i'am, 1
creativitiy, 1
balen, 1
subversive, 1
thi, 1
deaf, 1
nonsensical, 1
ineffective, 1
intolerable, 1
skills.after, 1
notnal, 1
overzealous, 1
electric, 1
freezing, 1
corporate, 1
demonic, 1
squishy, 1
stye, 1
hilariously, 1
thst, 1
insensitive, 1
uneven, 1
vectical, 1
sneaky, 1
monetised, 1
disingenuous, 1
hp, 1
rocky, 1
3ish, 1
behid, 1
items-, 1
hingdom, 1
grubby, 1
unbelieveable, 1
stratigical, 1
serie, 1
chilhood, 1
acess, 1
enjoyment, 1
armored, 1
polar, 1
incomprehensible, 1
irrelevant, 1
rushs, 1
flavorful, 1
appreciative, 1
monetary, 1
relentless, 1
disinter, 1
fanatic, 1
vulnerable, 1
bshind, 1
lush, 1
difficoultish, 1
causal, 1
formulaic, 1
cheapen, 1
aggressive, 1
modest, 1
11ish, 1
explorable, 1
buildable, 1
unnecersary, 1
kindom, 1
shhhheeeeeessssshhhh, 1
for.$2.99, 1
repetitve, 1
spammy, 1
gameof, 1
disproportionate, 1
abusive, 1
popup, 1
commercial, 1
story?that, 1
avaiable, 1
stregty, 1
addective, 1
addictional, 1
loveable, 1
stragetic, 1
updates.wish, 1
dop, 1
classical, 1
unforgivable, 1
biased, 1
sensible, 1
gifted, 1
secure, 1
overtuned, 1
og, 1
defo, 1
reskinned, 1
thoese, 1
forgettable, 1
west, 1
campaigning, 1
differentiated, 1
rapid, 1
ismein, 1
ankit, 1
exellent, 1
intertaining, 1
mrbeast, 1
kazestu, 1
legandry, 1
cerate, 1
nithmary, 1
ğŸ˜², 1
mantap, 1
à¤«à¤¾à¤‡à¤²ka, 1
à¤¸à¥‡, 1
shooter, 1
mortal, 1
vain, 1
verge, 1
opppp, 1
liye, 1
osm, 1
evey, 1
swift, 1
filin, 1
mut, 1
luscious, 1
multiplied, 1
tub, 1
tsk, 1
pay, 1
accessable, 1
prasad, 1
ğ“Ÿğ“²ğ“¹ğ“±ğ“¹ğ“²ğ“¬5, 1
nepali, 1
obtaineable, 1
cristal, 1
exelent, 1
notto, 1
ğŸ˜ˆ, 1
ooppp, 1
klunky, 1
grabable, 1
easyist, 1
smoother, 1
increbile, 1
ğŸ˜œ, 1
shotty, 1
flimsy, 1
deadly, 1
unauthorized, 1
irl, 1
aloud, 1
boommmm, 1
game.one, 1
lazarbeam, 1
prwtty, 1
laggy.i, 1
tebbile, 1
scavenge, 1
it., 1
crippled, 1
cuss, 1
uninspired, 1
ita, 1
repeatative, 1
workable, 1
azzy, 1
theirs, 1
medkit, 1
havant, 1
spastic, 1
tipical, 1
goooooooooooooooooooooooooooooooooooooooooooooo, 1
difrent, 1
frist, 1
ğŸ§¡, 1
timmy, 1
maryjane, 1
heather, 1
tenth, 1
twin, 1
cest, 1
trÃ¨s, 1
se, 1
alert, 1
relistic, 1
fantabulous, 1
vigilante, 1
haunted, 1
beloved, 1
finial, 1
boald, 1
grunkuss, 1
godti, 1
lean, 1
bae, 1
touch, 1
unlucky, 1
insurmountable, 1
sloppy, 1
freezy, 1
humble, 1
reduced, 1
pve, 1
unsuccessful, 1
unappreciated, 1
held, 1
obsious, 1
faulty, 1
gloomy, 1
whimsical, 1
finnicky, 1
upwards, 1
re)playable, 1
mÃ¡s, 1
roguelite, 1
unclickable, 1
clickable, 1
chronic, 1
blu, 1
primordial, 1
port, 1
careless, 1
ongoing, 1
dysfunctional, 1
s9, 1
prominent, 1
upgraded, 1
lookable, 1
100th, 1
closed, 1
unopenable, 1
unexaptable, 1
obsolete, 1
screwy, 1
troublesome, 1
wasting, 1
shittiest, 1
synced, 1
unoften, 1
reinstalling, 1
prone, 1
irreversible, 1
keen, 1
restart, 1
psyched, 1
fleshy, 1
flaccid, 1
concise, 1
continue, 1
waay, 1
can"t, 1
use, 1
illegible, 1
feature, 1
ios, 1
selecting, 1
horrid, 1
incredible-, 1
servicable, 1
sleep, 1
insulting, 1
unrewarding, 1
pften, 1
inaccessible, 1
invididual, 1
unfamiliar, 1
synchronising, 1
changed, 1
rougelike, 1
archaic, 1
exaggerated, 1
notable, 1
autosaving, 1
herculean, 1
clanky, 1
undisputed, 1
misplayed, 1
complimentary, 1
copious, 1
after, 1
apt, 1
scalable, 1
obtrusive, 1
unintended, 1
wieard, 1
ğŸ¥„, 1
chipp, 1
omg, 1
strategical, 1
bloonarious, 1
buttnarious, 1
shared, 1
rejoining, 1
marshal, 1
versatile, 1
duble, 1
stragtigic, 1
difficullt, 1
impoppable, 1
upgrade, 1
alcam, 1
gooooooooooooooooooooooooooooooooooooooooooooooooooooooooooooooooooooooooooooooooooooooooooooooooooooooooooooooooooooooooooooooooooooooooooooooooooooooooooooooooooooooooooooooooooooooooooooooooooooooooooooooooooooooooooooooooooooooooooooooooooooooooooooooooooooooooooooooooooooooooooooooooooooooooooooooooooooooooooooooooooooooooooooooooooooooooooooooooooooooooooooooooooooooooooooooooooooooooooooooooooooooooooooooooooooooooooooooooooooooooooooooooooooooooooooooooooooooooooooooooooooooooooood, 1
ceramic, 1
comin, 1
seeable, 1
homeless, 1
lazer(not, 1
pargon, 1
hardness, 1
much!download, 1
uninformed, 1
part, 1
uninterested, 1
wacca, 1
chaged, 1
innapropriate, 1
smoewhat, 1
ooohhhhhh, 1
adicional, 1
animations-, 1
god!!the, 1
seductive, 1
scrollable, 1
accept, 1
anume, 1
tested, 1
marija, 1
etty, 1
bankrupt, 1
afloat, 1
gerÃ§ekten, 1
regrettable, 1
interent, 1
nanahira, 1
reay, 1
yeahhhhhh, 1
bout, 1
pupa, 1
virgin, 1
offnote, 1
ã€‹, 1
tonal, 1
mumble, 1
it.is, 1
uew, 1
masterpiece, 1
mmmm, 1
boobieful, 1
facebook, 1
nice!i, 1
sane, 1
valueable, 1
bestsest, 1
700ms, 1
unpopular, 1
desynced, 1
it(all, 1
off, 1
finishing, 1
majore, 1
marvellous, 1
bewildering, 1
ë‚˜ì™”ìœ¼ë©´, 1
ì…êµ¬ì»·ë‹¹í•˜ë„¤ìš”, 1
ëœë‹¤í•˜ë˜ë°, 1
ì‹£ê³ , 1
ì´í•´í•˜ëŠ”ë°, 1
ë†’ì€, 1
potentional, 1
dystopian, 1
forgetful, 1
moot, 1
foreseeable, 1
yeay, 1
leisurely, 1
baguss, 1
horrifying, 1
managable, 1
phenomal, 1
decorative, 1
belong, 1
lock, 1
essy, 1
mediocore, 1
.awesome, 1
nowhere, 1
iritating, 1
pkayingbit, 1
frinsh, 1
exterior, 1
fireside, 1
poliyannu, 1
conductive, 1
wooden, 1
freezed, 1
build+crafting, 1
90fps, 1
6.5ish, 1
worthed, 1
unreserved, 1
passionate, 1
editable, 1
overbearing, 1
hollow, 1
knowledgeable, 1
boredome, 1
remedied, 1
nornal, 1
-healer, 1
partial, 1
impenetrable, 1
miffed, 1
inv, 1
atm, 1
tin, 1
abundant, 1
polish, 1
pass, 1
squashy, 1
vital, 1
grest, 1
í€„ë¦¬í‹°ì—, 1
heartwarming, 1
woundsrful, 1
suprised, 1
wacky, 1
unvail, 1
collectible, 1
heartfelt, 1
supernatural, 1
skip, 1
invulnerable, 1
mass, 1
kingdome, 1
nuch, 1
stalled, 1
tribal, 1
15th, 1
greate, 1
defenite, 1
hero.plz, 1
quem, 1
dragon, 1
freewebarcade, 1
2th, 1
10ish, 1
undoable, 1
captivating, 1
vet, 1
impecible, 1
submersive, 1
usar, 1
vale, 1
brilliant-, 1
goggle, 1
contrived, 1
fenominal, 1
kraken, 1
cÅ©ng, 1
skinned, 1
awake, 1
warzone, 1
enitial, 1
thee, 1
levelled, 1
duable, 1
actualky, 1
arlic, 1
toooooo, 1
sunken, 1
yearly, 1
e, 1
reli, 1
charmful, 1
mega, 1
informed, 1
cryptic, 1
deserving, 1
whopping, 1
âœ¨, 1
rayark, 1
redownload, 1
freebie, 1
bagal, 1
statistic, 1
undetected, 1
jittery, 1
anew, 1
robohead, 1
retrospective, 1
convoluted, 1
uplayable, 1
x86, 1
fateful, 1
repeared, 1
neko, 1
aethetic, 1
substitute, 1
yahaahhahaah, 1
adourable, 1
perosnal, 1
thank, 1
retrievable, 1
hatable, 1
earnable, 1
yayy, 1
energetic, 1
abnormal, 1
payable, 1
delay, 1
4gs, 1
pour, 1
novel, 1
rooted, 1
sory, 1
equivalent, 1
alroght, 1
favorited, 1
ĞºĞ°ĞºĞ¾Ğ¹, 1
praiseworthy, 1
stylistic, 1
xp, 1
capso, 1
umidigi, 1
a7, 1
missing, 1
chatty, 1
unused, 1
handsome, 1
ì¦ê±°ì›€, 1
jammed, 1
grindy, 1
scan, 1
abt, 1
unnatural, 1
conversational, 1
metric, 1
unrelatable, 1
onyl, 1
obligated, 1
moody, 1
faux, 1
whiny, 1
thick, 1
uncanny, 1
intermittent, 1
shareable, 1
unavailable, 1
yucky, 1
optiona, 1
unconvincing, 1
grumpy, 1
torn, 1
dislikeable, 1
eerie, 1
susepenseful, 1
Ñ‚Ğ°Ğº, 1
counter, 1
require, 1
boorish, 1
whittle, 1
sore, 1
impatient, 1
Î±Î»Î»Î±, 1
Ï€Î»Î¿ÎºÎ·, 1
Î±Ï†Î·Î½ÎµÎ¹, 1
Ï„ÏÎ¿Î¼ÎµÏÎ¬, 1
ÎµÏ€Î¹Î»Î¿Î³Î­Ï‚, 1
world-, 1
hellish, 1
entrapped, 1
unreal, 1
helpless, 1
â˜†, 1
overral, 1
downside, 1
favorable, 1
frivolous, 1
endearing, 1
buisy, 1
audible, 1
magnetic, 1
improper, 1
lax, 1
inexcusable, 1
tortuous, 1
trite, 1
guilty, 1
looong, 1
suspensful, 1
wearable, 1
nerdy, 1
descriptive, 1
bundle, 1
predictableâ€‹, 1
impulsive, 1
martian, 1
acountable, 1
hammy, 1
noisey, 1
indecisive, 1
unforgettable, 1
agrÃ©able, 1
asynchronous, 1
autonomous, 1
derelict, 1
tokenistic, 1
ethical, 1
emphatic, 1
pending, 1
personable, 1
attached, 1
constructive, 1
holyshit, 1
unspeakable, 1
pseudo, 1
moive, 1
brave, 1
vesry, 1
spatial, 1
hesitate, 1
mellow, 1
2hr, 1
confident, 1
natured, 1
yummy, 1
esy, 1
independent, 1
somewhat, 1
realky, 1
Ù„Ø·ÙŠÙØ©, 1
icant, 1
plss, 1
appreciate, 1
Ä‘t, 1
eastern, 1
k9, 1
(the, 1
griping, 1
no1, 1
availble, 1
literary, 1
war, 1
radial, 1
expert, 1
inexperienced, 1
rusty, 1
italian, 1
soviet, 1
silky, 1
hefty, 1
yestersay, 1
transparent, 1
painless, 1
ever, 1
going!, 1
mute, 1
fatal, 1
provoking, 1
tablet, 1
hq, 1
works, 1
spec, 1
jumble, 1
wayyy, 1
tapi, 1
noble, 1
dependant, 1
macro, 1
bu, 1
60hz, 1
uste, 1
ace, 1
arund, 1
ughhh, 1
importanly, 1
unreachable, 1
teenage, 1
nostalgy, 1
whacky, 1
grqphic, 1
frontal, 1
congested, 1
forewarned, 1
longterm, 1
commonplace, 1
tab, 1
stylus, 1
skrimish, 1
somehere, 1
shy, 1
relastic, 1
woooow, 1
igo, 1
erea, 1
0thar, 1
puplic, 1
probable, 1
server, 1
glitch, 1
ğŸ•¹, 1
mor, 1
ruppess, 1
â•¥, 1
ï¹, 1
ğŸ•¶, 1
download, 1
stinky, 1
somebodys, 1
dadys, 1
yore, 1
ğŸ˜¢, 1
anlittle, 1
seasonal, 1
everymove, 1
phanomenal, 1
chutad, 1
failmly, 1
liquid, 1
imposibal, 1
child, 1
restricted, 1
actal, 1
displayed, 1
installed, 1
nive, 1
ğŸ’•, 1
custome, 1
â—, 1
oppppppp, 1
username, 1
wi, 1
hurtful, 1
premade, 1
online(active, 1
imidiate, 1
restrictive, 1
impulse, 1
dopest, 1
worldwide, 1
replayble, 1
inside, 1
uncertain, 1
lighthearted, 1
venerable, 1
wealthy, 1
redownloaded, 1
organic, 1
limiting, 1
lowered, 1
inner, 1
adfree, 1
genre, 1
informative, 1
android.only, 1
hopeful, 1
tge, 1
mendoza, 1
8th, 1
fu, 1
rigid, 1
tideous, 1
repetative, 1
allotted, 1
aquatic, 1
simulated, 1
sporty, 1
juicy, 1
unheard, 1
ã™ã”ãæ¥½ã—ã‚²ãƒ¼ãƒ , 1
tethered, 1
evary, 1
simpy, 1
evocative, 1
Ğ´ĞµĞ»Ğ°Ñ‚ÑŒ, 1
ĞºĞ¸Ğ´Ğ°Ñ‚ÑŒ, 1
spanish, 1
contradictory, 1
overarching, 1
liberal, 1
cheesy, 1
ukrainian, 1
Ğ¿Ñ€Ğ¾ÑÑ‚Ğ¾, 1
estilo, 1
repetetive, 1
Ğ¾Ñ‚Ğ»Ğ¸Ñ‡Ğ½Ñ‹Ğ¹, 1
fiery, 1
someway, 1
imperfect, 1
superfun, 1
judgmental, 1
suberb, 1
unprofessional, 1
principled, 1
biblical, 1
monochromatic, 1
hillarious, 1
goofy, 1
inpatient, 1
ĞºĞ»Ğ°ÑÑĞ½Ğ°Ñ, 1
Ğ±Ğ¾Ğ»ÑŒÑˆĞµ, 1
underlying, 1
runnin, 1
myriad, 1
reflex, 1
sexist, 1
antisemetic, 1
riveting, 1
respective, 1
heven, 1
observant, 1
kiddish, 1
revolutionary, 1
healthy, 1
intelligible, 1
senior, 1
none, 1
douchy, 1
distilled, 1
todo, 1
laidback, 1
Ğ¸Ğ·Ğ²ĞµÑÑ‚Ğ½Ñ‹Ğ¼, 1
Ğ»ÑĞ±Ğ»Ñ, 1
ÑƒĞ´Ğ¾Ğ²Ğ¾Ğ»ÑŒÑÑ‚Ğ²Ğ¸ĞµĞ¼, 1
brillant, 1
unexplained, 1
hi, 1
he*kin, 1
choj, 1
bladed, 1
heaven, 1
pecked, 1
created, 1
easiest, 1
×”××©×—×§, 1
Ğ¼Ğ°Ğ·Ğ°Ñ…Ğ¸ÑÑ‚, 1
rageful, 1
durable, 1
hinest, 1
sutable, 1
almÄ±yorlar, 1
bune, 1
dast, 1
sporadic, 1
f***ing, 1
Â£, 1
uking, 1
flappy, 1
beginning, 1
atempt, 1
philosophical, 1
dificult, 1
patronising, 1
degrading, 1
hobby, 1
rigged, 1
sadistic, 1
hoy, 1
bs, 1
attrocious, 1
unrefined, 1
minute, 1
mechanic, 1
arsewhole, 1
lolahhhh, 1
cont, 1
motivational, 1
dont, 1
lee, 1
rrrrrrrrrraaaagghhhh, 1
finsh, 1
gittery, 1
bliss, 1
lile, 1
ear, 1
aquired, 1
saman, 1
accomlished, 1
cass, 1
inherent, 1
gahhhhh, 1
ment, 1
veri, 1
diffucal, 1
wack, 1
unsuccessfull, 1
infinate, 1
ez, 1
unmistakable, 1
piss, 1
moan, 1
immposable, 1
horrific, 1
dumbest, 1
cindy, 1
scuffed, 1
gilligans, 1
drunken, 1
dyslexic, 1
sardonic, 1
hypothetical, 1
innocent, 1
absorbing, 1
fordy, 1
thise, 1
woth, 1
multilayer, 1
layering, 1
angered, 1
ğŸ‘¹, 1
ğŸ‘¿, 1
