so, 3541
just, 3059
very, 2830
really, 2653
even, 1409
now, 1248
still, 1218
well, 1196
ever, 1124
too, 1076
only, 928
also, 912
then, 796
back, 724
much, 688
more, 650
far, 634
again, 620
pretty, 614
as, 592
always, 571
never, 491
definitely, 476
sometimes, 421
absolutely, 407
all, 364
however, 346
actually, 340
there, 334
already, 315
though, 289
yet, 281
here, 276
first, 266
long, 264
hard, 261
maybe, 258
overall, 248
almost, 241
highly, 220
most, 213
honestly, 200
at, 199
instead, 196
once, 191
out, 189
ago, 189
quite, 187
enough, 186
probably, 185
soon, 185
especially, 179
over, 173
anymore, 167
otherwise, 161
super, 160
else, 156
extremely, 152
fast, 149
literally, 148
kinda, 148
no, 147
totally, 145
finally, 142
completely, 141
right, 135
forward, 129
often, 129
simply, 129
easily, 127
before, 123
about, 118
away, 118
of, 112
constantly, 109
basically, 105
quickly, 105
rather, 102
truly, 98
perfectly, 97
kind, 94
around, 94
fine, 92
later, 91
twice, 90
way, 90
in, 88
properly, 85
unfortunately, 85
forever, 83
usually, 77
recently, 70
incredibly, 70
hopefully, 69
mostly, 67
seriously, 66
exactly, 65
matter, 61
online, 58
currently, 58
together, 57
randomly, 57
on, 56
either, 56
anyway, 56
accidentally, 54
that, 53
less, 53
smoothly, 53
fully, 52
sadly, 50
nearly, 50
everytime, 48
slightly, 47
beautifully, 47
anywhere, 46
off, 45
down, 43
barely, 43
surprisingly, 43
suddenly, 42
up, 42
next, 42
immediately, 41
eventually, 41
personally, 39
normally, 37
apart, 37
fairly, 37
through, 35
straight, 33
easy, 33
aside, 33
correctly, 31
clearly, 30
early, 30
thus, 30
awhile, 29
alone, 28
somehow, 28
amazingly, 28
manually, 28
frequently, 28
poorly, 28
possibly, 28
somewhat, 27
automatically, 27
obviously, 27
perhaps, 26
occasionally, 25
thoroughly, 25
flawlessly, 25
btw, 24
apparently, 24
whatsoever, 23
damn, 23
anytime, 23
genuinely, 23
regularly, 23
nowhere, 23
nonetheless, 22
instantly, 22
rarely, 21
badly, 21
entirely, 21
close, 21
initially, 20
generally, 20
visually, 19
sort, 19
originally, 19
directly, 19
sure, 19
ridiculously, 19
real, 19
insanely, 18
sometime, 18
everywhere, 18
previously, 17
asap, 17
regardless, 17
great, 17
mainly, 17
certainly, 17
indeed, 17
everyday, 16
least, 16
you, 16
relatively, 16
consistently, 16
ahead, 15
slowly, 15
nicely, 15
since, 14
overly, 14
hardly, 14
outside, 14
happily, 14
therefore, 13
greatly, 13
gladly, 13
particularly, 13
ğŸ˜Š, 12
specifically, 12
anyways, 12
differently, 12
plain, 12
little, 12
likely, 12
strongly, 12
specially, 12
deeply, 12
daily, 11
relly, 11
rlly, 11
wise, 11
deceptively, 11
utterly, 11
practically, 11
slow, 11
definetly, 11
essentially, 11
strangely, 11
late, 10
ğŸ˜¡, 10
terribly, 10
last, 10
any, 10
repeatedly, 10
near, 10
after, 10
endlessly, 10
ğŸ˜‘, 10
elsewhere, 10
ultimately, 10
accidently, 9
seemingly, 9
wonderfully, 9
hence, 9
reload, 9
lastly, 9
aesthetically, 9
effectively, 9
somewhere, 9
brilliantly, 9
definately, 9
altogether, 9
legitimately, 9
above, 8
decently, 8
luckily, 8
someday, 8
truely, 8
kindly, 8
good, 8
unbelievably, 8
halfway, 8
permanently, 8
nowadays, 8
frustratingly, 8
behind, 7
lately, 7
equally, 7
secondly, 7
remotely, 7
surely, 7
officially, 7
alike, 7
course, 7
progressively, 7
significantly, 7
excellent, 7
higher, 7
heavily, 7
inside, 7
oddly, 7
emotionally, 7
atleast, 6
thx, 6
deep, 6
continuously, 6
backwards, 6
forth, 6
e.g., 6
second, 6
patiently, 6
exclusively, 6
af, 6
amazing, 6
thankfully, 6
afterwards, 6
typically, 6
gradually, 6
potentially, 6
actively, 6
painfully, 6
importantly, 6
casually, 6
versa, 6
horribly, 6
severely, 6
exceptionally, 6
arguably, 6
desperately, 6
ill, 5
unexpectedly, 5
purposely, 5
virtually, 5
absolutly, 5
nonstop, 5
by, 5
partially, 5
half, 5
individually, 5
pleasantly, 5
weirdly, 5
freely, 5
successfully, 5
doubt, 5
newly, 5
nevertheless, 5
eagerly, 5
safely, 5
nice, 4
rly, 4
annoyingly, 4
excellently, 4
fantastically, 4
firstly, 4
shortly, 4
frankly, 4
til, 4
os, 4
technically, 4
intentionally, 4
stupidly, 4
infinitely, 4
dearly, 4
increasingly, 4
quick, 4
vertically, 4
physically, 4
accurately, 4
bit, 4
vastly, 4
worst, 4
round, 4
carefully, 4
awesomely, 4
whenever, 4
unintentionally, 4
additionally, 4
fiddly, 4
massively, 4
roblox, 3
notoriously, 3
suprisingly, 3
abruptly, 3
please, 3
alternatively, 3
religiously, 3
besides, 3
awesome, 3
godly, 3
prolly, 3
precisely, 3
exponentially, 3
difficultly, 3
reasonably, 3
dramatically, 3
considerably, 3
vice, 3
don't, 3
uniquely, 3
merely, 3
immensely, 3
n, 3
incorrectly, 3
mentally, 3
graphically, 3
delightfully, 3
across, 3
roughly, 3
short, 3
downhill, 3
ot, 3
along, 3
allready, 3
rapidly, 3
definitly, 3
rrally, 3
purely, 3
unreasonably, 3
sideways, 3
continually, 3
locally, 3
soo, 3
absurdly, 3
past, 3
home, 3
wildly, 3
infront, 2
laggy, 2
ironically, 2
ur, 2
high, 2
confidently, 2
musically, 2
simultaneously, 2
seamlessly, 2
full, 2
stil, 2
midway, 2
remarkably, 2
cheaper, 2
okay, 2
mildly, 2
aka, 2
dosn't, 2
playthrough, 2
smartly, 2
anxiously, 2
addictive, 2
downright, 2
robtop, 2
sill, 2
prior, 2
expertly, 2
anyhow, 2
strategically, 2
elegantly, 2
partly, 2
random, 2
furthermore, 2
namely, 2
effortlessly, 2
every, 2
+, 2
â˜¹, 2
numbingly, 2
awkward, 2
rilly, 2
definatly, 2
deffently, 2
commonly, 2
purposefully, 2
falsely, 2
meanwhile, 2
compleatly, 2
basicly, 2
is, 2
blatantly, 2
necessarily, 2
ironside, 2
moderately, 2
gorgeously, 2
deffinetly, 2
realistically, 2
spontaneously, 2
nearby, 2
enjoyably, 2
sufficiently, 2
inconsistently, 2
mobily, 2
defiantly, 2
especally, 2
reliably, 2
turn, 2
wholly, 2
loud, 2
briefly, 2
thru, 2
mechanically, 2
wholeheartedly, 2
meticulously, 2
horizontally, 2
forcefully, 2
sux, 2
easier, 2
radically, 2
below, 2
solely, 2
imo, 2
needlessly, 2
morally, 2
moreover, 2
lol, 2
separately, 2
offline, 2
eventhough, 2
afterward, 2
unquestionably, 2
notably, 2
lightly, 2
routinely, 2
ironclad, 2
horrifically, 2
preferably, 2
sync, 2
ğŸ’¯, 2
legally, 2
noticably, 2
alway, 2
artificially, 2
dev, 2
impossibly, 2
unrealistically, 2
plz, 2
coolll, 2
oftenly, 2
ludicrously, 2
approximately, 2
superbly, 2
sorta, 2
comparatively, 2
closely, 2
steadily, 2
@the, 1
triple, 1
patienly, 1
honest, 1
amassing, 1
usaully, 1
rn, 1
apsilutly, 1
freshly, 1
uncontrollably, 1
minecraft, 1
maily, 1
ğŸ˜š, 1
pls, 1
ğŸŸ©, 1
anyhere, 1
Ğ¸Ğ³Ñ€Ğ°Ğ°Ğ°Ğ°Ğ°Ğ°Ğ°, 1
definnately, 1
competitively, 1
ridicoulusly, 1
nais, 1
definently, 1
iirc, 1
thorougly, 1
brutally, 1
silly, 1
yearly, 1
comfortably, 1
alÄ±nmaz, 1
nomore, 1
hot, 1
fmh, 1
lazily, 1
sudden, 1
coooooooollllll, 1
unnaturally, 1
resently, 1
â•¥, 1
lower, 1
-1, 1
impatiently, 1
versoin, 1
reallly, 1
hopelessly, 1
vally, 1
financially, 1
downward, 1
ocasionally, 1
âœ“, 1
absoulutely, 1
madly, 1
inxredibly, 1
willy, 1
leisurely, 1
prematurely, 1
suorisingly, 1
ğŸ˜£, 1
too-, 1
litterslly, 1
thanks!, 1
momentarily, 1
unknowingly, 1
heavy, 1
inlove, 1
eternally, 1
perpetually, 1
inmediately, 1
cannot, 1
irrationally, 1
archer, 1
phenomenally, 1
gettong, 1
tactically, 1
irreversibly, 1
v, 1
inevitably, 1
funnily, 1
reslly, 1
arbitrarily, 1
app, 1
globally, 1
hardcore, 1
expesuly, 1
sorely, 1
apparantly, 1
open, 1
readily, 1
whatnot, 1
blissfully, 1
thuroughly, 1
addictively, 1
autonomously, 1
etskinda, 1
litterly, 1
flawlesly, 1
underneath, 1
backward, 1
rate=/, 1
attually, 1
wisely, 1
exceedingly, 1
espescially, 1
constanly, 1
cheap, 1
å¯¾äººæˆ¦ã‚’å»ƒæ­¢ã—ãŸãŸã‚, 1
sucessfully, 1
sparingly, 1
ugh, 1
disappointedly, 1
recommendations~, 1
definitively, 1
ê²Œì„ì„±, 1
ë˜ì–´, 1
ripoff, 1
desparately, 1
scantily, 1
openly, 1
tho, 1
enterily, 1
strictly, 1
intensionally, 1
aa, 1
láº§n, 1
trong, 1
inherently, 1
finely, 1
heath, 1
got.over, 1
numerously, 1
undeniably, 1
slighty, 1
defenitly, 1
soooo, 1
addictingly, 1
orgianally, 1
infintely, 1
ingeniously, 1
effortly, 1
minimalistically, 1
wierdly, 1
defitently, 1
worryingly, 1
cleverly, 1
zoom, 1
aurally, 1
pathetically, 1
creatively, 1
interestingly, 1
disturbingly, 1
deliberately, 1
deliciously, 1
brr, 1
honestely, 1
fluidly, 1
predictably, 1
sightly, 1
minorly, 1
big, 1
outdoors, 1
overboard, 1
slowely, 1
infuriatingly, 1
double, 1
outstandingly, 1
waaay, 1
connot, 1
intermittently, 1
impressively, 1
chronically, 1
disgustingly, 1
reeeeeaaaaallly, 1
regulairly, 1
overwrite, 1
cheat, 1
completetrly, 1
definitelly, 1
freakishly, 1
indefinitely, 1
interactively, 1
joyfully, 1
seldom, 1
geniusly, 1
efficiently, 1
fascinatingly, 1
exquisitely, 1
over!!.i, 1
qwerty, 1
dimensionally, 1
esthetically, 1
logically, 1
breathtakingly, 1
initally, 1
reaily, 1
within, 1
gougeously, 1
disappointingly, 1
optically, 1
undoubtedly, 1
intelligently, 1
valiantly, 1
bogglingly, 1
natively, 1
unfortunantly, 1
upside, 1
subtly, 1
ballz, 1
how, 1
slaime, 1
sincirely, 1
more!download, 1
previosuly, 1
restless, 1
gnarly, 1
summore, 1
terraria)isn't, 1
indescribably, 1
positively, 1
uninstall, 1
mucb, 1
absulutely, 1
absoulotly, 1
woulf, 1
precicely, 1
extremly, 1
contantly, 1
bascially, 1
higly, 1
majorly, 1
puzzlingly, 1
orcs, 1
vigorously, 1
suitably, 1
grotesquely, 1
unacceptably, 1
seperately, 1
speechless, 1
trhough, 1
earily, 1
vs, 1
deceivingly, 1
accordingly, 1
added.really, 1
throwback, 1
micro, 1
unwillingly, 1
acctually, 1
linearly, 1
inmediatly, 1
expensive, 1
stunningly, 1
def, 1
wow, 1
deffinatly, 1
espcially, 1
passively, 1
aplenty, 1
clunkier, 1
pleasently, 1
akshely, 1
brightly, 1
itz!,but, 1
iven, 1
ğŸš¨, 1
aimlessly, 1
diffenetly, 1
sudenly, 1
ussually, 1
veey, 1
alsome, 1
sosososo, 1
prob, 1
omly, 1
tgat, 1
ending.(definitely, 1
unfortunatly, 1
defently, 1
smothly, 1
jk, 1
actaully, 1
soggest, 1
saddly, 1
rerally, 1
admittedly, 1
reailly, 1
absolute, 1
kairosoft, 1
aswell, 1
insanly, 1
minus, 1
unplayably, 1
unfairly, 1
friendly, 1
presumably, 1
asynchronously, 1
throughout, 1
propably, 1
note10, 1
conveniently, 1
reinstall, 1
encompassingly, 1
inadvertently, 1
supposedly, 1
conceptually, 1
version)but, 1
plainly, 1
consistantly, 1
mistakenly, 1
possible, 1
infinitetly, 1
optimise, 1
awfully, 1
dodgy, 1
deffinetely, 1
respectively, 1
hideously, 1
ther, 1
td, 1
daffinently, 1
xtremely, 1
passer, 1
disconnect, 1
sincerely, 1
spillllll, 1
pooly, 1
impossibile, 1
monthly, 1
segs, 1
undisputably, 1
continously, 1
weekly, 1
@.@, 1
bullcrap, 1
noy, 1
su*ks, 1
f2p, 1
worldwide, 1
similarly, 1
extreamly, 1
ğŸŒš, 1
esentually, 1
fc, 1
wronly, 1
excessively, 1
splendidly, 1
caricatures!especially, 1
competively, 1
live, 1
helplessly, 1
í•­ìƒ, 1
ìƒê°í•˜ê² ìŠµë‹ˆë‹¤, 1
ofter, 1
lovely, 1
miraculously, 1
frantically, 1
extensively, 1
alrdy, 1
stealthily, 1
naturally, 1
fianly, 1
beside, 1
graphicly, 1
temporarily, 1
overnight, 1
heroes?also, 1
terbaikkkkk, 1
indirectly, 1
with, 1
fest, 1
occassionally, 1
subjectively, 1
devilishly, 1
haphazardly, 1
largely, 1
therein, 1
for, 1
superb, 1
ofrece, 1
free, 1
throughly, 1
:-p, 1
all-, 1
nhiá»u, 1
story!story, 1
stale, 1
shockingly, 1
srsly, 1
atcually, 1
re, 1
ittt, 1
overwhelmingly, 1
alllll, 1
gone~, 1
haven't, 1
immaculately, 1
beyond, 1
hv, 1
solidly, 1
refreshingly, 1
weakly, 1
rudely, 1
fater, 1
amusingly, 1
Î·, 1
fortunately, 1
otherworldly, 1
unnecessarily, 1
foremost, 1
blowingly, 1
rightly, 1
uncannily, 1
genuingly, 1
implicitly, 1
beautifuly, 1
lagy, 1
punishingly, 1
semi, 1
game.maybe, 1
presently, 1
undoubtably, 1
currebtly, 1
non, 1
bodys, 1
â„…, 1
s8, 1
offically, 1
asome, 1
oyunu, 1
continuesly, 1
ir, 1
auctally, 1
aygha, 1
reeeeeeeally, 1
ğŸ–¤, 1
creatore, 1
litearly, 1
chat, 1
yahh, 1
abundantly, 1
fone, 1
handedly, 1
linear, 1
thourly, 1
dangerously, 1
suspiciously, 1
repetitive, 1
minlessly, 1
woul, 1
osam, 1
explicitly, 1
singlehandedly, 1
ever"this, 1
excrutiatingly, 1
fondly, 1
greatest, 1
sharply, 1
shittily, 1
impecabbly, 1
gently, 1
dady, 1
epicly, 1
aaaaaaahhhhhhhgg, 1
miserably, 1
separaletly, 1
g, 1
shoddily, 1
dreadfully, 1
frightfully, 1
painstakingly, 1
unforgettably, 1
ooff, 1
dang, 1
origanlly, 1
inducingly, 1
imediatly, 1
extra, 1
savagely, 1
maniacly, 1
acchi, 1
